doi,record_id,action,reason,old_chars,new_chars
10.1016/j.redox.2022.102279,http://zotero.org/users/19517875/items/27ZZDAZU,added,ok,0,266
10.18280/ts.420531,http://zotero.org/users/19517875/items/EBS5QNW2,added,ok,0,4033
10.1016/j.aej.2025.12.007,http://zotero.org/users/19517875/items/93DMXMRK,added,ok,0,1918
10.1117/1.jmi.9.s1.012205,http://zotero.org/users/19517875/items/2KTD2SYH,added,ok,0,419
10.1016/j.patcog.2024.110676,http://zotero.org/users/19517875/items/9EY7IF3R,added,ok,0,918
10.1016/j.cclet.2022.107998,http://zotero.org/users/19517875/items/QDTTVLEA,added,ok,0,2290
10.1021/acsami.2c06503,http://zotero.org/users/19517875/items/LTGGF5AM,added,ok,0,1559
10.1016/j.jlumin.2023.119785,http://zotero.org/users/19517875/items/NQY9UU2V,added,ok,0,963
10.1021/cbmi.3c00006,http://zotero.org/users/19517875/items/5MVHA8KJ,added,ok,0,1230
10.2967/jnmt.122.264058,http://zotero.org/users/19517875/items/UVZRB6WR,added,ok,0,3000
10.1148/radiol.211931,http://zotero.org/users/19517875/items/AN9V6XJD,added,ok,0,1284
10.1007/s40042-022-00571-2,http://zotero.org/users/19517875/items/52KSF5UQ,added,ok,0,1316
10.1016/j.jpha.2024.100969,http://zotero.org/users/19517875/items/D4IG9FMM,added,ok,0,1594
10.1016/j.indcrop.2025.121659,http://zotero.org/users/19517875/items/HMQMRWYK,added,ok,0,1396
10.7150/thno.108880,http://zotero.org/users/19517875/items/UH7J59AQ,added,ok,0,495
10.1007/s40843-022-2143-2,http://zotero.org/users/19517875/items/6BWHIRMI,added,ok,0,2707
10.7150/thno.103272,http://zotero.org/users/19517875/items/ZAGXS5XY,added,ok,0,314
10.1021/acsmedchemlett.5c00649,http://zotero.org/users/19517875/items/5SL2QBHY,added,ok,0,1150
10.1016/j.molstruc.2024.139262,http://zotero.org/users/19517875/items/5XCDM2NZ,added,ok,0,1404
10.1016/j.optmat.2023.113759,http://zotero.org/users/19517875/items/AUKD8ATS,added,ok,0,1878
10.1021/acsami.5c14860,http://zotero.org/users/19517875/items/PAYHFE8W,added,ok,0,1450
10.1021/acsomega.3c04596,http://zotero.org/users/19517875/items/TMEZX6LH,added,ok,0,1208
10.1007/s40843-023-2649-1,http://zotero.org/users/19517875/items/4QN6NEMM,added,ok,0,3391
10.1021/acsnano.4c06753,http://zotero.org/users/19517875/items/68UAPF4N,added,ok,0,1868
10.1021/cbmi.4c00080,http://zotero.org/users/19517875/items/8V3LD2T6,added,ok,0,1668
10.1186/s41181-025-00338-7,http://zotero.org/users/19517875/items/7PVIJMCN,added,ok,0,803
10.2967/jnmt.122.265328,http://zotero.org/users/19517875/items/HY8PVC24,added,ok,0,3000
10.1021/acs.jmedchem.5c02216,http://zotero.org/users/19517875/items/2XDQ7E9J,added,ok,0,933
10.1021/acssensors.4c00118,http://zotero.org/users/19517875/items/E3XJFSVX,added,ok,0,1048
10.1021/acsomega.4c03214,http://zotero.org/users/19517875/items/8FL725IV,added,ok,0,2318
10.1016/j.neuroimage.2022.119763,http://zotero.org/users/19517875/items/QHI9DAHC,added,ok,0,1999
10.1016/j.matt.2022.07.032,http://zotero.org/users/19517875/items/6ZDZ3LVX,added,ok,0,2931
10.1038/s41598-025-93520-5,http://zotero.org/users/19517875/items/RS4G6GP2,added,ok,0,1364
10.1021/acsami.3c19226,http://zotero.org/users/19517875/items/P8EYWXGN,added,ok,0,1892
10.1021/acs.jpcc.3c01128,http://zotero.org/users/19517875/items/3BQQMU3D,added,ok,0,1779
10.1016/j.isci.2024.111234,http://zotero.org/users/19517875/items/ZYPUZ3H7,added,ok,0,1160
10.1007/s11082-023-05906-2,http://zotero.org/users/19517875/items/WDZE9RZE,added,ok,0,840
10.1038/s41467-025-66211-y,http://zotero.org/users/19517875/items/QNQKDDAD,added,ok,0,1135
10.1016/j.heliyon.2024.e25864,http://zotero.org/users/19517875/items/DA6K9W84,added,ok,0,915
10.1021/acsomega.4c04077,http://zotero.org/users/19517875/items/B8XY46UV,added,ok,0,1341
10.1021/acsmedchemlett.5c00385,http://zotero.org/users/19517875/items/YYWTJ9ZZ,added,ok,0,1468
10.1021/acs.inorgchem.1c03972,http://zotero.org/users/19517875/items/DKXANDQZ,added,ok,0,3056
10.1021/acscatal.5c00011,http://zotero.org/users/19517875/items/DS94LZ6U,added,ok,0,1831
10.1021/acs.jmedchem.1c02209,http://zotero.org/users/19517875/items/AK3GSZSW,added,ok,0,2368
10.1038/s41586-025-09370-8,http://zotero.org/users/19517875/items/ZLAZDQVN,added,ok,0,1362
10.1016/j.isci.2025.112992,http://zotero.org/users/19517875/items/8XR5EAP2,added,ok,0,916
10.1016/j.neucom.2023.127058,http://zotero.org/users/19517875/items/HT59ZH8L,added,ok,0,1435
10.1021/acsomega.4c08710,http://zotero.org/users/19517875/items/3QG5XZRK,added,ok,0,1446
10.1148/rycan.220051,http://zotero.org/users/19517875/items/VNYEWJCX,added,ok,0,1509
10.1021/acs.biomac.4c00210,http://zotero.org/users/19517875/items/Y2EVE9NV,added,ok,0,2143
10.1080/17435889.2024.2405458,http://zotero.org/users/19517875/items/DTERKJ6J,added,ok,0,3000
10.17996/anc.23-00002,http://zotero.org/users/19517875/items/CRQXYW69,added,ok,0,575
10.2967/jnmt.120.261701,http://zotero.org/users/19517875/items/YPFQH46J,added,ok,0,2600
10.1148/rycan.220022,http://zotero.org/users/19517875/items/ESGWXG5E,added,ok,0,1900
10.1021/acsomega.1c02632,http://zotero.org/users/19517875/items/A4WDRW8H,added,ok,0,1146
10.7150/ntno.60295,http://zotero.org/users/19517875/items/HCMCJZPA,added,ok,0,1798
10.1148/rycan.230033,http://zotero.org/users/19517875/items/2VDIV29F,added,ok,0,2270
10.1109/jstqe.2021.3053634,http://zotero.org/users/19517875/items/XV4T5H65,added,ok,0,2498
10.1021/acsnano.2c01556,http://zotero.org/users/19517875/items/UI9FZ5GA,added,ok,0,1049
10.17996/anc.22-00171,http://zotero.org/users/19517875/items/8U78K3V6,added,ok,0,3000
10.3892/or.2025.8962,http://zotero.org/users/19517875/items/XYXQSI92,added,ok,0,950
10.1038/s41598-025-03922-8,http://zotero.org/users/19517875/items/QC8ITBG3,added,ok,0,1363
10.1021/acsptsci.4c00149,http://zotero.org/users/19517875/items/9US8NGY6,added,ok,0,1714
10.1021/acsomega.2c07128,http://zotero.org/users/19517875/items/W2E826JP,added,ok,0,1127
10.1021/acsomega.0c06276,http://zotero.org/users/19517875/items/FKCVVU9R,added,ok,0,707
10.1107/s1600577524003874,http://zotero.org/users/19517875/items/SNK66CBE,added,ok,0,2233
10.17996/anc.22-00156,http://zotero.org/users/19517875/items/QEAHZ483,added,ok,0,422
10.1148/radiol.2021203645,http://zotero.org/users/19517875/items/KTJAKU68,added,ok,0,1117
10.21873/invivo.13776,http://zotero.org/users/19517875/items/97LV89CN,added,ok,0,1010
10.1021/acsomega.1c04711,http://zotero.org/users/19517875/items/5CHQPMLN,added,ok,0,2002
10.1148/rycan.220153,http://zotero.org/users/19517875/items/G9V7LXA3,added,ok,0,1291
10.1148/radiol.232365,http://zotero.org/users/19517875/items/RYUTG352,added,ok,0,483
10.1148/rycan.210094,http://zotero.org/users/19517875/items/ANEZXPFW,added,ok,0,1547
10.7150/thno.80579,http://zotero.org/users/19517875/items/VFAZUBH6,added,ok,0,1294
10.1016/s0140-6736(22)02084-0,http://zotero.org/users/19517875/items/LV9PW6BI,added,ok,0,2294
10.2185/jrm.2021-047,http://zotero.org/users/19517875/items/RZEFUEMJ,added,ok,0,766
10.1038/s41592-020-01004-3,http://zotero.org/users/19517875/items/59S7HEXS,added,ok,0,1453
10.1248/cpb.c22-00628,http://zotero.org/users/19517875/items/RWNSHAUR,added,ok,0,1654
10.1148/radiol.233188,http://zotero.org/users/19517875/items/EQELE7VC,added,ok,0,832
10.1016/j.freeradbiomed.2022.01.016,http://zotero.org/users/19517875/items/ITDS83YU,added,ok,0,581
10.1148/radiol.222733,http://zotero.org/users/19517875/items/AQMW5TDL,added,ok,0,320
10.7150/thno.64320,http://zotero.org/users/19517875/items/F7GYMXG4,added,ok,0,589
10.1016/j.isci.2023.108139,http://zotero.org/users/19517875/items/7GS56EMK,added,ok,0,1079
10.2967/jnumed.120.249300,http://zotero.org/users/19517875/items/XBU45G99,added,ok,0,2472
10.1148/rycan.230082,http://zotero.org/users/19517875/items/5QRL6JMM,added,ok,0,1227
10.3389/fpubh.2025.1561626,http://zotero.org/users/19517875/items/ZAMDRK6W,added,ok,0,363
10.1021/acsami.0c16616,http://zotero.org/users/19517875/items/PIPP2CYC,added,ok,0,2029
10.2967/jnumed.120.250803,http://zotero.org/users/19517875/items/RJWAIYB9,added,ok,0,2115
10.1007/s00415-022-11121-y,http://zotero.org/users/19517875/items/6UIGVDF6,added,ok,0,1752
10.1148/rycan.220126,http://zotero.org/users/19517875/items/4G6HYBPM,added,ok,0,1384
10.1021/acs.jmedchem.1c00747,http://zotero.org/users/19517875/items/JJAC68DC,added,ok,0,1682
10.62347/puai9230,http://zotero.org/users/19517875/items/RNYJ7ZI9,added,ok,0,1132
10.1021/acsmedchemlett.3c00320,http://zotero.org/users/19517875/items/MLQYKURQ,added,ok,0,966
10.1021/jacs.5c02669,http://zotero.org/users/19517875/items/J5NRBEVG,added,ok,0,2109
10.1016/j.xcrp.2025.102427,http://zotero.org/users/19517875/items/6AMLGMHS,added,ok,0,1207
10.1016/j.nima.2024.169795,http://zotero.org/users/19517875/items/GSYRLQ4Q,added,ok,0,925
10.1016/j.mtbio.2023.100721,http://zotero.org/users/19517875/items/89YJ95XU,added,ok,0,1718
10.1021/acs.jmedchem.3c01687,http://zotero.org/users/19517875/items/I8D2LV4S,added,ok,0,2148
10.1021/acsabm.2c00484,http://zotero.org/users/19517875/items/HMJ8VUWA,added,ok,0,1784
10.2967/jnmt.124.267826,http://zotero.org/users/19517875/items/35GHZZWS,added,ok,0,3000
10.1016/j.xpro.2025.104258,http://zotero.org/users/19517875/items/P2KUS73C,added,ok,0,1987
10.2528/pier25052305,http://zotero.org/users/19517875/items/QFQUZQP4,added,ok,0,2035
10.1016/j.apmt.2024.102273,http://zotero.org/users/19517875/items/BL965L6E,added,ok,0,1627
10.1016/j.bioactmat.2022.03.003,http://zotero.org/users/19517875/items/A5KE5WNU,added,ok,0,1568
10.1080/15384047.2022.2054249,http://zotero.org/users/19517875/items/A5AG5H8L,added,ok,0,1272
10.1148/ryct.230328,http://zotero.org/users/19517875/items/U9CWK6YX,added,ok,0,1774
10.7150/thno.85651,http://zotero.org/users/19517875/items/T6GSB7G7,added,ok,0,431
10.1021/acs.analchem.4c00321,http://zotero.org/users/19517875/items/757U733R,added,ok,0,1736
10.1021/cbmi.4c00116,http://zotero.org/users/19517875/items/TVV4ZQPM,added,ok,0,925
10.1021/acsomega.2c03718,http://zotero.org/users/19517875/items/EEIN3VFX,added,ok,0,990
10.1117/1.jmi.9.3.034504,http://zotero.org/users/19517875/items/DVSP2FT6,added,ok,0,1335
10.1021/jacs.5c13249,http://zotero.org/users/19517875/items/DIQG4X87,added,ok,0,1832
10.1016/j.heliyon.2023.e13207,http://zotero.org/users/19517875/items/6HVS87NG,added,ok,0,1322
10.1021/jacs.2c12381,http://zotero.org/users/19517875/items/CK6THTFB,added,ok,0,1387
10.1021/acs.jmedchem.2c00377,http://zotero.org/users/19517875/items/BMERDRZ4,added,ok,0,1101
10.1016/j.jmr.2024.107810,http://zotero.org/users/19517875/items/HIN43CA2,added,ok,0,1399
10.1016/j.nantod.2022.101424,http://zotero.org/users/19517875/items/YVJKVYWP,added,ok,0,1282
10.1021/jacs.5c15147,http://zotero.org/users/19517875/items/YAKSPB7A,added,ok,0,1861
10.1016/j.chempr.2024.01.024,http://zotero.org/users/19517875/items/868YEM9K,added,ok,0,2038
