stable_name,source_pdf,ocr_pages,note
10_1002_ima_23015,/home/lpapp/IEEE_SYS_REV/4-FullTextExtraction/PDFs_step4/10.1002_ima.23015.pdf,17,cached
10_1002_jemt_24054,/home/lpapp/IEEE_SYS_REV/4-FullTextExtraction/PDFs_step4/10.1002_jemt.24054.pdf,11,cached
10_1007_s00259_023_06362_6,/home/lpapp/IEEE_SYS_REV/4-FullTextExtraction/PDFs_step4/10.1007_s00259-023-06362-6.pdf,12,ok
10_1007_s00521_022_07388_x,/home/lpapp/IEEE_SYS_REV/4-FullTextExtraction/PDFs_step4/10.1007_s00521-022-07388-x.pdf,14,ok
10_1007_s00521_023_08566_1,/home/lpapp/IEEE_SYS_REV/4-FullTextExtraction/PDFs_step4/10.1007_s00521-023-08566-1.pdf,8,ok
10_1007_s00521_023_08717_4,/home/lpapp/IEEE_SYS_REV/4-FullTextExtraction/PDFs_step4/10.1007_s00521-023-08717-4.pdf,17,ok
10_1007_s00521_023_09207_3,/home/lpapp/IEEE_SYS_REV/4-FullTextExtraction/PDFs_step4/10.1007_s00521-023-09207-3.pdf,14,ok
10_1007_s10278_023_00886_x,/home/lpapp/IEEE_SYS_REV/4-FullTextExtraction/PDFs_step4/10.1007_s10278-023-00886-x.pdf,12,ok
10_1007_s10278_025_01630_3,/home/lpapp/IEEE_SYS_REV/4-FullTextExtraction/PDFs_step4/10.1007_s10278-025-01630-3.pdf,21,ok
10_1007_s10462_024_10932_x,/home/lpapp/IEEE_SYS_REV/4-FullTextExtraction/PDFs_step4/10.1007_s10462-024-10932-x.pdf,52,ok
10_1007_s10586_024_04852_2,/home/lpapp/IEEE_SYS_REV/4-FullTextExtraction/PDFs_step4/10.1007_s10586-024-04852-2.pdf,13,ok
10_1007_s10791_025_09634_x,/home/lpapp/IEEE_SYS_REV/4-FullTextExtraction/PDFs_step4/10.1007_s10791-025-09634-x.pdf,18,ok
10_1007_s10791_025_09791_z,/home/lpapp/IEEE_SYS_REV/4-FullTextExtraction/PDFs_step4/10.1007_s10791-025-09791-z.pdf,32,ok
10_1007_s11128_024_04369_y,/home/lpapp/IEEE_SYS_REV/4-FullTextExtraction/PDFs_step4/10.1007_s11128-024-04369-y.pdf,17,ok
10_1007_s11128_025_04955_8,/home/lpapp/IEEE_SYS_REV/4-FullTextExtraction/PDFs_step4/10.1007_s11128-025-04955-8.pdf,23,ok
10_1007_s11128_026_05144_x,/home/lpapp/IEEE_SYS_REV/4-FullTextExtraction/PDFs_step4/10.1007_s11128-026-05144-x.pdf,35,ok
10_1007_s11227_024_06740_3,/home/lpapp/IEEE_SYS_REV/4-FullTextExtraction/PDFs_step4/10.1007_s11227-024-06740-3.pdf,32,ok
10_1007_s11227_025_07266_y,/home/lpapp/IEEE_SYS_REV/4-FullTextExtraction/PDFs_step4/10.1007_s11227-025-07266-y.pdf,30,ok
10_1007_s11227_025_07789_4,/home/lpapp/IEEE_SYS_REV/4-FullTextExtraction/PDFs_step4/10.1007_s11227-025-07789-4.pdf,52,ok
10_1007_s11227_025_07939_8,/home/lpapp/IEEE_SYS_REV/4-FullTextExtraction/PDFs_step4/10.1007_s11227-025-07939-8.pdf,28,ok
10_1007_s11227_025_07963_8,/home/lpapp/IEEE_SYS_REV/4-FullTextExtraction/PDFs_step4/10.1007_s11227-025-07963-8.pdf,16,ok
10_1007_s11265_025_01973_8,/home/lpapp/IEEE_SYS_REV/4-FullTextExtraction/PDFs_step4/10.1007_s11265-025-01973-8.pdf,22,ok
10_1007_s11307_025_01990_w,/home/lpapp/IEEE_SYS_REV/4-FullTextExtraction/PDFs_step4/10.1007_s11307-025-01990-w.pdf,11,ok
10_1007_s11467_024_1391_x,/home/lpapp/IEEE_SYS_REV/4-FullTextExtraction/PDFs_step4/10.1007_s11467-024-1391-x.pdf,13,ok
10_1007_s11760_023_02857_9,/home/lpapp/IEEE_SYS_REV/4-FullTextExtraction/PDFs_step4/10.1007_s11760-023-02857-9.pdf,17,ok
10_1007_s12065_024_00971_2,/home/lpapp/IEEE_SYS_REV/4-FullTextExtraction/PDFs_step4/10.1007_s12065-024-00971-2.pdf,32,ok
10_1007_s12559_021_09926_6,/home/lpapp/IEEE_SYS_REV/4-FullTextExtraction/PDFs_step4/10.1007_s12559-021-09926-6.pdf,12,ok
10_1007_s13369_021_06511_9,/home/lpapp/IEEE_SYS_REV/4-FullTextExtraction/PDFs_step4/10.1007_s13369-021-06511-9.pdf,12,ok
10_1007_s42452_025_06504_5,/home/lpapp/IEEE_SYS_REV/4-FullTextExtraction/PDFs_step4/10.1007_s42452-025-06504-5.pdf,23,ok
10_1007_s42484_022_00090_0,/home/lpapp/IEEE_SYS_REV/4-FullTextExtraction/PDFs_step4/10.1007_s42484-022-00090-0.pdf,11,ok
10_1007_s42484_024_00170_3,/home/lpapp/IEEE_SYS_REV/4-FullTextExtraction/PDFs_step4/10.1007_s42484-024-00170-3.pdf,18,ok
10_1007_s42484_024_00171_2,/home/lpapp/IEEE_SYS_REV/4-FullTextExtraction/PDFs_step4/10.1007_s42484-024-00171-2.pdf,12,ok
10_1007_s42484_025_00288_y,/home/lpapp/IEEE_SYS_REV/4-FullTextExtraction/PDFs_step4/10.1007_s42484-025-00288-y.pdf,28,ok
10_1007_s42484_025_00315_y,/home/lpapp/IEEE_SYS_REV/4-FullTextExtraction/PDFs_step4/10.1007_s42484-025-00315-y.pdf,25,ok
10_1007_s42484_026_00385_6,/home/lpapp/IEEE_SYS_REV/4-FullTextExtraction/PDFs_step4/10.1007_s42484-026-00385-6.pdf,18,ok
10_1007_s44196_025_00920_6,/home/lpapp/IEEE_SYS_REV/4-FullTextExtraction/PDFs_step4/10.1007_s44196-025-00920-6.pdf,21,ok
10_1007_s44443_025_00449_w,/home/lpapp/IEEE_SYS_REV/4-FullTextExtraction/PDFs_step4/10.1007_s44443-025-00449-w.pdf,20,ok
10_1016_j_acra_2026_01_034,/home/lpapp/IEEE_SYS_REV/4-FullTextExtraction/PDFs_step4/10.1016_j.acra.2026.01.034.pdf,9,ok
10_1016_j_aej_2023_09_008,/home/lpapp/IEEE_SYS_REV/4-FullTextExtraction/PDFs_step4/10.1016_j.aej.2023.09.008.pdf,9,ok
10_1016_j_aej_2025_12_007,/home/lpapp/IEEE_SYS_REV/4-FullTextExtraction/PDFs_step4/10.1016_j.aej.2025.12.007.pdf,20,ok
10_1016_j_artmed_2025_103322,/home/lpapp/IEEE_SYS_REV/4-FullTextExtraction/PDFs_step4/10.1016_j.artmed.2025.103322.pdf,28,ok
10_1016_j_asoc_2024_111781,/home/lpapp/IEEE_SYS_REV/4-FullTextExtraction/PDFs_step4/10.1016_j.asoc.2024.111781.pdf,8,ok
10_1016_j_asoc_2025_113631,/home/lpapp/IEEE_SYS_REV/4-FullTextExtraction/PDFs_step4/10.1016_j.asoc.2025.113631.pdf,25,ok
10_1016_j_bspc_2023_105560,/home/lpapp/IEEE_SYS_REV/4-FullTextExtraction/PDFs_step4/10.1016_j.bspc.2023.105560.pdf,10,ok
10_1016_j_bspc_2026_110251,/home/lpapp/IEEE_SYS_REV/4-FullTextExtraction/PDFs_step4/10.1016_j.bspc.2026.110251.pdf,18,ok
10_1016_j_cmpb_2026_109362,/home/lpapp/IEEE_SYS_REV/4-FullTextExtraction/PDFs_step4/10.1016_j.cmpb.2026.109362.pdf,31,ok
10_1016_j_compbiomed_2025_110941,/home/lpapp/IEEE_SYS_REV/4-FullTextExtraction/PDFs_step4/10.1016_j.compbiomed.2025.110941.pdf,16,ok
10_1016_j_compbiomed_2026_111633,/home/lpapp/IEEE_SYS_REV/4-FullTextExtraction/PDFs_step4/10.1016_j.compbiomed.2026.111633.pdf,14,ok
10_1016_j_eij_2026_100901,/home/lpapp/IEEE_SYS_REV/4-FullTextExtraction/PDFs_step4/10.1016_j.eij.2026.100901.pdf,17,ok
10_1016_j_ejca_2025_115632,/home/lpapp/IEEE_SYS_REV/4-FullTextExtraction/PDFs_step4/10.1016_j.ejca.2025.115632.pdf,4,ok
10_1016_j_ejmp_2026_105780,/home/lpapp/IEEE_SYS_REV/4-FullTextExtraction/PDFs_step4/10.1016_j.ejmp.2026.105780.pdf,5,ok
10_1016_j_engappai_2025_111938,/home/lpapp/IEEE_SYS_REV/4-FullTextExtraction/PDFs_step4/10.1016_j.engappai.2025.111938.pdf,18,ok
10_1016_j_ijrobp_2026_03_010,/home/lpapp/IEEE_SYS_REV/4-FullTextExtraction/PDFs_step4/10.1016_j.ijrobp.2026.03.010.pdf,11,ok
10_1016_j_inffus_2023_101913,/home/lpapp/IEEE_SYS_REV/4-FullTextExtraction/PDFs_step4/10.1016_j.inffus.2023.101913.pdf,13,ok
10_1016_j_jestch_2025_102272,/home/lpapp/IEEE_SYS_REV/4-FullTextExtraction/PDFs_step4/10.1016_j.jestch.2025.102272.pdf,18,ok
10_1016_j_jestch_2026_102386,/home/lpapp/IEEE_SYS_REV/4-FullTextExtraction/PDFs_step4/10.1016_j.jestch.2026.102386.pdf,18,ok
10_1016_j_jrras_2026_102165,/home/lpapp/IEEE_SYS_REV/4-FullTextExtraction/PDFs_step4/10.1016_j.jrras.2026.102165.pdf,10,ok
10_1016_j_knosys_2023_110413,/home/lpapp/IEEE_SYS_REV/4-FullTextExtraction/PDFs_step4/10.1016_j.knosys.2023.110413.pdf,13,ok
10_1016_j_knosys_2024_112922,/home/lpapp/IEEE_SYS_REV/4-FullTextExtraction/PDFs_step4/10.1016_j.knosys.2024.112922.pdf,20,ok
10_1016_j_mex_2025_103185,/home/lpapp/IEEE_SYS_REV/4-FullTextExtraction/PDFs_step4/10.1016_j.mex.2025.103185.pdf,13,ok
10_1016_j_mex_2025_103605,/home/lpapp/IEEE_SYS_REV/4-FullTextExtraction/PDFs_step4/10.1016_j.mex.2025.103605.pdf,16,ok
10_1016_j_neucom_2023_01_049,/home/lpapp/IEEE_SYS_REV/4-FullTextExtraction/PDFs_step4/10.1016_j.neucom.2023.01.049.pdf,12,ok
10_1016_j_neucom_2025_131410,/home/lpapp/IEEE_SYS_REV/4-FullTextExtraction/PDFs_step4/10.1016_j.neucom.2025.131410.pdf,12,ok
10_1016_j_patter_2025_101236,/home/lpapp/IEEE_SYS_REV/4-FullTextExtraction/PDFs_step4/10.1016_j.patter.2025.101236.pdf,15,ok
10_1016_j_radphyschem_2025_113545,/home/lpapp/IEEE_SYS_REV/4-FullTextExtraction/PDFs_step4/10.1016_j.radphyschem.2025.113545.pdf,8,ok
10_1016_j_softx_2026_102621,/home/lpapp/IEEE_SYS_REV/4-FullTextExtraction/PDFs_step4/10.1016_j.softx.2026.102621.pdf,9,ok
10_1038_s41467_021_22907_5,/home/lpapp/IEEE_SYS_REV/4-FullTextExtraction/PDFs_step4/10.1038_s41467-021-22907-5.pdf,9,ok
10_1038_s41585_025_01058_y,/home/lpapp/IEEE_SYS_REV/4-FullTextExtraction/PDFs_step4/10.1038_s41585-025-01058-y.pdf,2,ok
10_1038_s41598_022_25280_5,/home/lpapp/IEEE_SYS_REV/4-FullTextExtraction/PDFs_step4/10.1038_s41598-022-25280-5.pdf,9,ok
10_1038_s41598_023_41700_6,/home/lpapp/IEEE_SYS_REV/4-FullTextExtraction/PDFs_step4/10.1038_s41598-023-41700-6.pdf,10,ok
10_1038_s41598_024_60472_1,/home/lpapp/IEEE_SYS_REV/4-FullTextExtraction/PDFs_step4/10.1038_s41598-024-60472-1.pdf,8,ok
10_1038_s41598_024_61452_1,/home/lpapp/IEEE_SYS_REV/4-FullTextExtraction/PDFs_step4/10.1038_s41598-024-61452-1.pdf,10,ok
10_1038_s41598_025_08453_w,/home/lpapp/IEEE_SYS_REV/4-FullTextExtraction/PDFs_step4/10.1038_s41598-025-08453-w.pdf,13,ok
10_1038_s41598_025_14611_x,/home/lpapp/IEEE_SYS_REV/4-FullTextExtraction/PDFs_step4/10.1038_s41598-025-14611-x.pdf,10,ok
10_1038_s41598_025_17075_1,/home/lpapp/IEEE_SYS_REV/4-FullTextExtraction/PDFs_step4/10.1038_s41598-025-17075-1.pdf,13,ok
10_1038_s41598_025_24168_4,/home/lpapp/IEEE_SYS_REV/4-FullTextExtraction/PDFs_step4/10.1038_s41598-025-24168-4.pdf,35,ok
10_1038_s41598_025_31122_x,/home/lpapp/IEEE_SYS_REV/4-FullTextExtraction/PDFs_step4/10.1038_s41598-025-31122-x.pdf,33,ok
10_1038_s41598_025_32951_6,/home/lpapp/IEEE_SYS_REV/4-FullTextExtraction/PDFs_step4/10.1038_s41598-025-32951-6.pdf,13,ok
10_1038_s41598_025_93552_x,/home/lpapp/IEEE_SYS_REV/4-FullTextExtraction/PDFs_step4/10.1038_s41598-025-93552-x.pdf,16,ok
10_1038_s41598_026_35540_3,/home/lpapp/IEEE_SYS_REV/4-FullTextExtraction/PDFs_step4/10.1038_s41598-026-35540-3.pdf,36,ok
10_1038_s41598_026_35605_3,/home/lpapp/IEEE_SYS_REV/4-FullTextExtraction/PDFs_step4/10.1038_s41598-026-35605-3.pdf,17,ok
10_1038_s41598_026_35951_2,/home/lpapp/IEEE_SYS_REV/4-FullTextExtraction/PDFs_step4/10.1038_s41598-026-35951-2.pdf,22,ok
10_1038_s41598_026_38063_z,/home/lpapp/IEEE_SYS_REV/4-FullTextExtraction/PDFs_step4/10.1038_s41598-026-38063-z.pdf,14,ok
10_1038_s41598_026_40127_z,/home/lpapp/IEEE_SYS_REV/4-FullTextExtraction/PDFs_step4/10.1038_s41598-026-40127-z.pdf,20,ok
10_1038_s41598_026_42047_4,/home/lpapp/IEEE_SYS_REV/4-FullTextExtraction/PDFs_step4/10.1038_s41598-026-42047-4.pdf,23,ok
10_1038_s41598_026_49227_2,/home/lpapp/IEEE_SYS_REV/4-FullTextExtraction/PDFs_step4/10.1038_s41598-026-49227-2.pdf,36,ok
10_1038_s41598_026_51130_9,/home/lpapp/IEEE_SYS_REV/4-FullTextExtraction/PDFs_step4/10.1038_s41598-026-51130-9.pdf,30,ok
10_1038_s41598_026_51942_9,/home/lpapp/IEEE_SYS_REV/4-FullTextExtraction/PDFs_step4/10.1038_s41598-026-51942-9.pdf,71,ok
10_1038_s43588_022_00351_9,/home/lpapp/IEEE_SYS_REV/4-FullTextExtraction/PDFs_step4/10.1038_s43588-022-00351-9.pdf,7,ok
10_1049_qtc2_12078,/home/lpapp/IEEE_SYS_REV/4-FullTextExtraction/PDFs_step4/10.1049_qtc2.12078.pdf,17,ok
10_1049_qtc2_70010,/home/lpapp/IEEE_SYS_REV/4-FullTextExtraction/PDFs_step4/10.1049_qtc2.70010.pdf,19,ok
10_1063_5_0261878,/home/lpapp/IEEE_SYS_REV/4-FullTextExtraction/PDFs_step4/10.1063_5.0261878.pdf,9,ok
10_1080_00207454_2026_2656322,/home/lpapp/IEEE_SYS_REV/4-FullTextExtraction/PDFs_step4/10.1080_00207454.2026.2656322.pdf,21,ok
10_1088_1361_6560_ae48aa,/home/lpapp/IEEE_SYS_REV/4-FullTextExtraction/PDFs_step4/10.1088_1361-6560_ae48aa.pdf,16,ok
10_1088_1402_4896_ae20d5,/home/lpapp/IEEE_SYS_REV/4-FullTextExtraction/PDFs_step4/10.1088_1402-4896_ae20d5.pdf,21,ok
10_1088_1748_0221_18_07_p07007,/home/lpapp/IEEE_SYS_REV/4-FullTextExtraction/PDFs_step4/10.1088_1748-0221_18_07_p07007.pdf,21,ok
10_1088_2058_9565_acfc61,/home/lpapp/IEEE_SYS_REV/4-FullTextExtraction/PDFs_step4/10.1088_2058-9565_acfc61.pdf,16,ok
10_1088_2058_9565_adbcd1,/home/lpapp/IEEE_SYS_REV/4-FullTextExtraction/PDFs_step4/10.1088_2058-9565_adbcd1.pdf,26,ok
10_1088_2058_9565_ae24a8,/home/lpapp/IEEE_SYS_REV/4-FullTextExtraction/PDFs_step4/10.1088_2058-9565_ae24a8.pdf,19,ok
10_1088_2632_2153_acffa3,/home/lpapp/IEEE_SYS_REV/4-FullTextExtraction/PDFs_step4/10.1088_2632-2153_acffa3.pdf,21,ok
10_1088_2632_2153_ad2aef,/home/lpapp/IEEE_SYS_REV/4-FullTextExtraction/PDFs_step4/10.1088_2632-2153_ad2aef.pdf,13,ok
10_1088_2632_2153_ad8c11,/home/lpapp/IEEE_SYS_REV/4-FullTextExtraction/PDFs_step4/10.1088_2632-2153_ad8c11.pdf,19,ok
10_1088_2632_2153_add1a9,/home/lpapp/IEEE_SYS_REV/4-FullTextExtraction/PDFs_step4/10.1088_2632-2153_add1a9.pdf,19,ok
10_1093_jcde_qwac003,/home/lpapp/IEEE_SYS_REV/4-FullTextExtraction/PDFs_step4/10.1093_jcde_qwac003.pdf,21,ok
10_1103_physreva_110_063512,/home/lpapp/IEEE_SYS_REV/4-FullTextExtraction/PDFs_step4/10.1103_physreva.110.063512.pdf,10,ok
10_1103_physrevresearch_6_l042060,/home/lpapp/IEEE_SYS_REV/4-FullTextExtraction/PDFs_step4/10.1103_physrevresearch.6.l042060.pdf,8,ok
10_1109_access_2022_3195044,/home/lpapp/IEEE_SYS_REV/4-FullTextExtraction/PDFs_step4/10.1109_access.2022.3195044.pdf,22,ok
10_1109_access_2024_3360139,/home/lpapp/IEEE_SYS_REV/4-FullTextExtraction/PDFs_step4/10.1109_access.2024.3360139.pdf,20,ok
10_1109_access_2024_3434681,/home/lpapp/IEEE_SYS_REV/4-FullTextExtraction/PDFs_step4/10.1109_access.2024.3434681.pdf,17,ok
10_1109_access_2025_3531407,/home/lpapp/IEEE_SYS_REV/4-FullTextExtraction/PDFs_step4/10.1109_access.2025.3531407.pdf,21,ok
10_1109_access_2025_3542807,/home/lpapp/IEEE_SYS_REV/4-FullTextExtraction/PDFs_step4/10.1109_access.2025.3542807.pdf,20,ok
10_1109_access_2025_3581030,/home/lpapp/IEEE_SYS_REV/4-FullTextExtraction/PDFs_step4/10.1109_access.2025.3581030.pdf,11,ok
10_1109_access_2025_3599679,/home/lpapp/IEEE_SYS_REV/4-FullTextExtraction/PDFs_step4/10.1109_access.2025.3599679.pdf,11,ok
10_1109_access_2025_3608217,/home/lpapp/IEEE_SYS_REV/4-FullTextExtraction/PDFs_step4/10.1109_access.2025.3608217.pdf,13,ok
10_1109_access_2025_3625205,/home/lpapp/IEEE_SYS_REV/4-FullTextExtraction/PDFs_step4/10.1109_access.2025.3625205.pdf,20,ok
10_1109_access_2025_3627877,/home/lpapp/IEEE_SYS_REV/4-FullTextExtraction/PDFs_step4/10.1109_access.2025.3627877.pdf,17,ok
10_1109_access_2025_3638383,/home/lpapp/IEEE_SYS_REV/4-FullTextExtraction/PDFs_step4/10.1109_access.2025.3638383.pdf,21,ok
10_1109_access_2025_3639179,/home/lpapp/IEEE_SYS_REV/4-FullTextExtraction/PDFs_step4/10.1109_access.2025.3639179.pdf,17,ok
10_1109_access_2026_3663498,/home/lpapp/IEEE_SYS_REV/4-FullTextExtraction/PDFs_step4/10.1109_access.2026.3663498.pdf,43,ok
10_1109_access_2026_3669206,/home/lpapp/IEEE_SYS_REV/4-FullTextExtraction/PDFs_step4/10.1109_access.2026.3669206.pdf,14,ok
10_1109_access_2026_3677204,/home/lpapp/IEEE_SYS_REV/4-FullTextExtraction/PDFs_step4/10.1109_access.2026.3677204.pdf,15,ok
10_1109_access_2026_3683415,/home/lpapp/IEEE_SYS_REV/4-FullTextExtraction/PDFs_step4/10.1109_access.2026.3683415.pdf,21,ok
10_1109_access_2026_3686925,/home/lpapp/IEEE_SYS_REV/4-FullTextExtraction/PDFs_step4/10.1109_access.2026.3686925.pdf,21,ok
10_1109_jbhi_2025_3596156,/home/lpapp/IEEE_SYS_REV/4-FullTextExtraction/PDFs_step4/10.1109_jbhi.2025.3596156.pdf,15,ok
10_1109_jbhi_2025_3610855,/home/lpapp/IEEE_SYS_REV/4-FullTextExtraction/PDFs_step4/10.1109_jbhi.2025.3610855.pdf,14,ok
10_1109_jiot_2025_3537614,/home/lpapp/IEEE_SYS_REV/4-FullTextExtraction/PDFs_step4/10.1109_jiot.2025.3537614.pdf,13,ok
10_1109_jiot_2025_3586090,/home/lpapp/IEEE_SYS_REV/4-FullTextExtraction/PDFs_step4/10.1109_jiot.2025.3586090.pdf,10,ok
10_1109_tce_2024_3351649,/home/lpapp/IEEE_SYS_REV/4-FullTextExtraction/PDFs_step4/10.1109_tce.2024.3351649.pdf,10,ok
10_1109_tce_2025_3548303,/home/lpapp/IEEE_SYS_REV/4-FullTextExtraction/PDFs_step4/10.1109_tce.2025.3548303.pdf,15,ok
10_1109_tim_2025_3533651,/home/lpapp/IEEE_SYS_REV/4-FullTextExtraction/PDFs_step4/10.1109_tim.2025.3533651.pdf,8,ok
10_1109_tns_2022_3140396,/home/lpapp/IEEE_SYS_REV/4-FullTextExtraction/PDFs_step4/10.1109_tns.2022.3140396.pdf,8,ok
10_1109_tns_2024_3369972,/home/lpapp/IEEE_SYS_REV/4-FullTextExtraction/PDFs_step4/10.1109_tns.2024.3369972.pdf,11,ok
10_1109_tnsre_2024_3385336,/home/lpapp/IEEE_SYS_REV/4-FullTextExtraction/PDFs_step4/10.1109_tnsre.2024.3385336.pdf,10,ok
10_1109_tqe_2025_3618295,/home/lpapp/IEEE_SYS_REV/4-FullTextExtraction/PDFs_step4/10.1109_tqe.2025.3618295.pdf,11,ok
10_1109_tqe_2026_3681530,/home/lpapp/IEEE_SYS_REV/4-FullTextExtraction/PDFs_step4/10.1109_tqe.2026.3681530.pdf,14,ok
10_1109_trpms_2024_3388872,/home/lpapp/IEEE_SYS_REV/4-FullTextExtraction/PDFs_step4/10.1109_trpms.2024.3388872.pdf,10,ok
10_1117_12_3085665,/home/lpapp/IEEE_SYS_REV/4-FullTextExtraction/PDFs_step4/10.1117_12.3085665.pdf,8,ok
10_1140_epjp_s13360_025_06587_4,/home/lpapp/IEEE_SYS_REV/4-FullTextExtraction/PDFs_step4/10.1140_epjp_s13360-025-06587-4.pdf,26,ok
10_1140_epjp_s13360_025_07148_5,/home/lpapp/IEEE_SYS_REV/4-FullTextExtraction/PDFs_step4/10.1140_epjp_s13360-025-07148-5.pdf,14,ok
10_1140_epjqt_s40507_026_00500_3,/home/lpapp/IEEE_SYS_REV/4-FullTextExtraction/PDFs_step4/10.1140_epjqt_s40507-026-00500-3.pdf,28,ok
10_1142_s1469026825500105,/home/lpapp/IEEE_SYS_REV/4-FullTextExtraction/PDFs_step4/10.1142_s1469026825500105.pdf,34,ok
10_1155_2022_3236305,/home/lpapp/IEEE_SYS_REV/4-FullTextExtraction/PDFs_step4/10.1155_2022_3236305.pdf,13,ok
10_1155_acis_1176614,/home/lpapp/IEEE_SYS_REV/4-FullTextExtraction/PDFs_step4/10.1155_acis_1176614.pdf,19,ok
10_1177_15330338231215214,/home/lpapp/IEEE_SYS_REV/4-FullTextExtraction/PDFs_step4/10.1177_15330338231215214.pdf,9,ok
10_1186_s12880_023_01084_5,/home/lpapp/IEEE_SYS_REV/4-FullTextExtraction/PDFs_step4/10.1186_s12880-023-01084-5.pdf,23,ok
10_1186_s12880_025_01813_y,/home/lpapp/IEEE_SYS_REV/4-FullTextExtraction/PDFs_step4/10.1186_s12880-025-01813-y.pdf,12,ok
10_1186_s12911_021_01588_6,/home/lpapp/IEEE_SYS_REV/4-FullTextExtraction/PDFs_step4/10.1186_s12911-021-01588-6.pdf,14,ok
10_1371_journal_pone_0331870,/home/lpapp/IEEE_SYS_REV/4-FullTextExtraction/PDFs_step4/10.1371_journal.pone.0331870.pdf,22,ok
10_18280_ts_420531,/home/lpapp/IEEE_SYS_REV/4-FullTextExtraction/PDFs_step4/10.18280_ts.420531.pdf,10,ok
10_2174_0115734056317489240808094924,/home/lpapp/IEEE_SYS_REV/4-FullTextExtraction/PDFs_step4/10.2174_0115734056317489240808094924.pdf,17,ok
10_22331_q_2022_12_22_881,/home/lpapp/IEEE_SYS_REV/4-FullTextExtraction/PDFs_step4/10.22331_q-2022-12-22-881.pdf,30,ok
10_3389_fdgth_2023_1283726,/home/lpapp/IEEE_SYS_REV/4-FullTextExtraction/PDFs_step4/10.3389_fdgth.2023.1283726.pdf,16,ok
10_3389_fmed_2025_1677234,/home/lpapp/IEEE_SYS_REV/4-FullTextExtraction/PDFs_step4/10.3389_fmed.2025.1677234.pdf,22,ok
10_3389_fonc_2025_1553539,/home/lpapp/IEEE_SYS_REV/4-FullTextExtraction/PDFs_step4/10.3389_fonc.2025.1553539.pdf,16,ok
10_3389_fphy_2022_1046314,/home/lpapp/IEEE_SYS_REV/4-FullTextExtraction/PDFs_step4/10.3389_fphy.2022.1046314.pdf,11,ok
10_3389_fphy_2023_1212373,/home/lpapp/IEEE_SYS_REV/4-FullTextExtraction/PDFs_step4/10.3389_fphy.2023.1212373.pdf,14,ok
10_3389_fpsyt_2025_1648060,/home/lpapp/IEEE_SYS_REV/4-FullTextExtraction/PDFs_step4/10.3389_fpsyt.2025.1648060.pdf,11,ok
10_3389_frai_2026_1807209,/home/lpapp/IEEE_SYS_REV/4-FullTextExtraction/PDFs_step4/10.3389_frai.2026.1807209.pdf,17,ok
10_3390_a19040279,/home/lpapp/IEEE_SYS_REV/4-FullTextExtraction/PDFs_step4/10.3390_a19040279.pdf,25,ok
10_3390_ai6020036,/home/lpapp/IEEE_SYS_REV/4-FullTextExtraction/PDFs_step4/10.3390_ai6020036.pdf,28,ok
10_3390_app13064009,/home/lpapp/IEEE_SYS_REV/4-FullTextExtraction/PDFs_step4/10.3390_app13064009.pdf,15,ok
10_3390_bdcc10010012,/home/lpapp/IEEE_SYS_REV/4-FullTextExtraction/PDFs_step4/10.3390_bdcc10010012.pdf,26,ok
10_3390_bioengineering11080799,/home/lpapp/IEEE_SYS_REV/4-FullTextExtraction/PDFs_step4/10.3390_bioengineering11080799.pdf,20,ok
10_3390_bioengineering12040326,/home/lpapp/IEEE_SYS_REV/4-FullTextExtraction/PDFs_step4/10.3390_bioengineering12040326.pdf,31,ok
10_3390_biom12111576,/home/lpapp/IEEE_SYS_REV/4-FullTextExtraction/PDFs_step4/10.3390_biom12111576.pdf,18,ok
10_3390_biomedinformatics5030051,/home/lpapp/IEEE_SYS_REV/4-FullTextExtraction/PDFs_step4/10.3390_biomedinformatics5030051.pdf,25,ok
10_3390_brainsci14040401,/home/lpapp/IEEE_SYS_REV/4-FullTextExtraction/PDFs_step4/10.3390_brainsci14040401.pdf,13,ok
10_3390_computation13120278,/home/lpapp/IEEE_SYS_REV/4-FullTextExtraction/PDFs_step4/10.3390_computation13120278.pdf,20,ok
10_3390_diagnostics14050558,/home/lpapp/IEEE_SYS_REV/4-FullTextExtraction/PDFs_step4/10.3390_diagnostics14050558.pdf,16,ok
10_3390_electronics11050721,/home/lpapp/IEEE_SYS_REV/4-FullTextExtraction/PDFs_step4/10.3390_electronics11050721.pdf,19,ok
10_3390_jimaging9070128,/home/lpapp/IEEE_SYS_REV/4-FullTextExtraction/PDFs_step4/10.3390_jimaging9070128.pdf,20,ok
10_3390_jimaging9100221,/home/lpapp/IEEE_SYS_REV/4-FullTextExtraction/PDFs_step4/10.3390_jimaging9100221.pdf,22,ok
10_3390_life15071124,/home/lpapp/IEEE_SYS_REV/4-FullTextExtraction/PDFs_step4/10.3390_life15071124.pdf,23,ok
10_3390_medsci12040067,/home/lpapp/IEEE_SYS_REV/4-FullTextExtraction/PDFs_step4/10.3390_medsci12040067.pdf,16,ok
10_3934_math_2025499,/home/lpapp/IEEE_SYS_REV/4-FullTextExtraction/PDFs_step4/10.3934_math.2025499.pdf,42,ok
10_4018_ijehmc_321149,/home/lpapp/IEEE_SYS_REV/4-FullTextExtraction/PDFs_step4/10.4018_ijehmc.321149.pdf,16,ok
10_56042_jsir_v84i1_14112,/home/lpapp/IEEE_SYS_REV/4-FullTextExtraction/PDFs_step4/10.56042_jsir.v84i1.14112.pdf,12,ok
10_5604_01_3001_0054_9079,/home/lpapp/IEEE_SYS_REV/4-FullTextExtraction/PDFs_step4/10.5604_01.3001.0054.9079.pdf,8,ok
10_62347_wohq8174,/home/lpapp/IEEE_SYS_REV/4-FullTextExtraction/PDFs_step4/10.62347_wohq8174.pdf,11,ok
10_7717_peerj_cs_3387,/home/lpapp/IEEE_SYS_REV/4-FullTextExtraction/PDFs_step4/10.7717_peerj-cs.3387.pdf,30,ok
10_7759_cureus_67486,/home/lpapp/IEEE_SYS_REV/4-FullTextExtraction/PDFs_step4/10.7759_cureus.67486.pdf,11,ok
