doi,stable_name,text_path,source_pdf,extraction_mode,char_count,page_count,ocr_source,status,notes
10.1002/ima.23015,10_1002_ima_23015,/home/lpapp/IEEE_SYS_REV/4-FullTextExtraction/extract_v1/PDFs_step4_text/10_1002_ima_23015.txt,/home/lpapp/IEEE_SYS_REV/4-FullTextExtraction/PDFs_step4/10.1002_ima.23015.pdf,layout,79623,17,False,ok,
10.1002/jemt.24054,10_1002_jemt_24054,/home/lpapp/IEEE_SYS_REV/4-FullTextExtraction/extract_v1/PDFs_step4_text/10_1002_jemt_24054.txt,/home/lpapp/IEEE_SYS_REV/4-FullTextExtraction/PDFs_step4/10.1002_jemt.24054.pdf,layout,59249,11,False,ok,
10.1007/s00259-023-06362-6,10_1007_s00259_023_06362_6,/home/lpapp/IEEE_SYS_REV/4-FullTextExtraction/extract_v1/PDFs_step4_text/10_1007_s00259_023_06362_6.txt,/home/lpapp/IEEE_SYS_REV/4-FullTextExtraction/PDFs_step4/10.1007_s00259-023-06362-6.pdf,cached,79292,12,False,cached,
10.1007/s00521-022-07388-x,10_1007_s00521_022_07388_x,/home/lpapp/IEEE_SYS_REV/4-FullTextExtraction/extract_v1/PDFs_step4_text/10_1007_s00521_022_07388_x.txt,/home/lpapp/IEEE_SYS_REV/4-FullTextExtraction/PDFs_step4/10.1007_s00521-022-07388-x.pdf,layout,58983,14,False,ok,
10.1007/s00521-023-08566-1,10_1007_s00521_023_08566_1,/home/lpapp/IEEE_SYS_REV/4-FullTextExtraction/extract_v1/PDFs_step4_text/10_1007_s00521_023_08566_1.txt,/home/lpapp/IEEE_SYS_REV/4-FullTextExtraction/PDFs_step4/10.1007_s00521-023-08566-1.pdf,layout,45881,8,False,ok,
10.1007/s00521-023-08717-4,10_1007_s00521_023_08717_4,/home/lpapp/IEEE_SYS_REV/4-FullTextExtraction/extract_v1/PDFs_step4_text/10_1007_s00521_023_08717_4.txt,/home/lpapp/IEEE_SYS_REV/4-FullTextExtraction/PDFs_step4/10.1007_s00521-023-08717-4.pdf,layout,77308,17,False,ok,
10.1007/s00521-023-09207-3,10_1007_s00521_023_09207_3,/home/lpapp/IEEE_SYS_REV/4-FullTextExtraction/extract_v1/PDFs_step4_text/10_1007_s00521_023_09207_3.txt,/home/lpapp/IEEE_SYS_REV/4-FullTextExtraction/PDFs_step4/10.1007_s00521-023-09207-3.pdf,layout,63218,14,False,ok,
10.1007/s10278-023-00886-x,10_1007_s10278_023_00886_x,/home/lpapp/IEEE_SYS_REV/4-FullTextExtraction/extract_v1/PDFs_step4_text/10_1007_s10278_023_00886_x.txt,/home/lpapp/IEEE_SYS_REV/4-FullTextExtraction/PDFs_step4/10.1007_s10278-023-00886-x.pdf,cached,70590,12,False,cached,
10.1007/s10278-025-01630-3,10_1007_s10278_025_01630_3,/home/lpapp/IEEE_SYS_REV/4-FullTextExtraction/extract_v1/PDFs_step4_text/10_1007_s10278_025_01630_3.txt,/home/lpapp/IEEE_SYS_REV/4-FullTextExtraction/PDFs_step4/10.1007_s10278-025-01630-3.pdf,layout,101416,21,False,ok,
10.1007/s10462-024-10932-x,10_1007_s10462_024_10932_x,/home/lpapp/IEEE_SYS_REV/4-FullTextExtraction/extract_v1/PDFs_step4_text/10_1007_s10462_024_10932_x.txt,/home/lpapp/IEEE_SYS_REV/4-FullTextExtraction/PDFs_step4/10.1007_s10462-024-10932-x.pdf,cached,184523,52,False,cached,
10.1007/s10586-024-04852-2,10_1007_s10586_024_04852_2,/home/lpapp/IEEE_SYS_REV/4-FullTextExtraction/extract_v1/PDFs_step4_text/10_1007_s10586_024_04852_2.txt,/home/lpapp/IEEE_SYS_REV/4-FullTextExtraction/PDFs_step4/10.1007_s10586-024-04852-2.pdf,layout,61206,13,False,ok,
10.1007/s10791-025-09634-x,10_1007_s10791_025_09634_x,/home/lpapp/IEEE_SYS_REV/4-FullTextExtraction/extract_v1/PDFs_step4_text/10_1007_s10791_025_09634_x.txt,/home/lpapp/IEEE_SYS_REV/4-FullTextExtraction/PDFs_step4/10.1007_s10791-025-09634-x.pdf,cached,65533,18,False,cached,
10.1007/s10791-025-09791-z,10_1007_s10791_025_09791_z,/home/lpapp/IEEE_SYS_REV/4-FullTextExtraction/extract_v1/PDFs_step4_text/10_1007_s10791_025_09791_z.txt,/home/lpapp/IEEE_SYS_REV/4-FullTextExtraction/PDFs_step4/10.1007_s10791-025-09791-z.pdf,cached,122349,32,False,cached,
10.1007/s11128-024-04369-y,10_1007_s11128_024_04369_y,/home/lpapp/IEEE_SYS_REV/4-FullTextExtraction/extract_v1/PDFs_step4_text/10_1007_s11128_024_04369_y.txt,/home/lpapp/IEEE_SYS_REV/4-FullTextExtraction/PDFs_step4/10.1007_s11128-024-04369-y.pdf,layout,50274,17,False,ok,
10.1007/s11128-025-04955-8,10_1007_s11128_025_04955_8,/home/lpapp/IEEE_SYS_REV/4-FullTextExtraction/extract_v1/PDFs_step4_text/10_1007_s11128_025_04955_8.txt,/home/lpapp/IEEE_SYS_REV/4-FullTextExtraction/PDFs_step4/10.1007_s11128-025-04955-8.pdf,layout,65376,23,False,ok,
10.1007/s11128-026-05144-x,10_1007_s11128_026_05144_x,/home/lpapp/IEEE_SYS_REV/4-FullTextExtraction/extract_v1/PDFs_step4_text/10_1007_s11128_026_05144_x.txt,/home/lpapp/IEEE_SYS_REV/4-FullTextExtraction/PDFs_step4/10.1007_s11128-026-05144-x.pdf,cached,116977,35,False,cached,
10.1007/s11227-024-06740-3,10_1007_s11227_024_06740_3,/home/lpapp/IEEE_SYS_REV/4-FullTextExtraction/extract_v1/PDFs_step4_text/10_1007_s11227_024_06740_3.txt,/home/lpapp/IEEE_SYS_REV/4-FullTextExtraction/PDFs_step4/10.1007_s11227-024-06740-3.pdf,layout,82040,32,False,ok,
10.1007/s11227-025-07266-y,10_1007_s11227_025_07266_y,/home/lpapp/IEEE_SYS_REV/4-FullTextExtraction/extract_v1/PDFs_step4_text/10_1007_s11227_025_07266_y.txt,/home/lpapp/IEEE_SYS_REV/4-FullTextExtraction/PDFs_step4/10.1007_s11227-025-07266-y.pdf,layout,74755,30,False,ok,
10.1007/s11227-025-07789-4,10_1007_s11227_025_07789_4,/home/lpapp/IEEE_SYS_REV/4-FullTextExtraction/extract_v1/PDFs_step4_text/10_1007_s11227_025_07789_4.txt,/home/lpapp/IEEE_SYS_REV/4-FullTextExtraction/PDFs_step4/10.1007_s11227-025-07789-4.pdf,layout,151862,52,False,ok,
10.1007/s11227-025-07939-8,10_1007_s11227_025_07939_8,/home/lpapp/IEEE_SYS_REV/4-FullTextExtraction/extract_v1/PDFs_step4_text/10_1007_s11227_025_07939_8.txt,/home/lpapp/IEEE_SYS_REV/4-FullTextExtraction/PDFs_step4/10.1007_s11227-025-07939-8.pdf,layout,79590,28,False,ok,
10.1007/s11227-025-07963-8,10_1007_s11227_025_07963_8,/home/lpapp/IEEE_SYS_REV/4-FullTextExtraction/extract_v1/PDFs_step4_text/10_1007_s11227_025_07963_8.txt,/home/lpapp/IEEE_SYS_REV/4-FullTextExtraction/PDFs_step4/10.1007_s11227-025-07963-8.pdf,layout,38869,16,False,ok,
10.1007/s11265-025-01973-8,10_1007_s11265_025_01973_8,/home/lpapp/IEEE_SYS_REV/4-FullTextExtraction/extract_v1/PDFs_step4_text/10_1007_s11265_025_01973_8.txt,/home/lpapp/IEEE_SYS_REV/4-FullTextExtraction/PDFs_step4/10.1007_s11265-025-01973-8.pdf,layout,106514,22,False,ok,
10.1007/s11307-025-01990-w,10_1007_s11307_025_01990_w,/home/lpapp/IEEE_SYS_REV/4-FullTextExtraction/extract_v1/PDFs_step4_text/10_1007_s11307_025_01990_w.txt,/home/lpapp/IEEE_SYS_REV/4-FullTextExtraction/PDFs_step4/10.1007_s11307-025-01990-w.pdf,layout,52949,11,False,ok,
10.1007/s11467-024-1391-x,10_1007_s11467_024_1391_x,/home/lpapp/IEEE_SYS_REV/4-FullTextExtraction/extract_v1/PDFs_step4_text/10_1007_s11467_024_1391_x.txt,/home/lpapp/IEEE_SYS_REV/4-FullTextExtraction/PDFs_step4/10.1007_s11467-024-1391-x.pdf,layout,77806,13,False,ok,
10.1007/s11760-023-02857-9,10_1007_s11760_023_02857_9,/home/lpapp/IEEE_SYS_REV/4-FullTextExtraction/extract_v1/PDFs_step4_text/10_1007_s11760_023_02857_9.txt,/home/lpapp/IEEE_SYS_REV/4-FullTextExtraction/PDFs_step4/10.1007_s11760-023-02857-9.pdf,layout,115018,17,False,ok,
10.1007/s12065-024-00971-2,10_1007_s12065_024_00971_2,/home/lpapp/IEEE_SYS_REV/4-FullTextExtraction/extract_v1/PDFs_step4_text/10_1007_s12065_024_00971_2.txt,/home/lpapp/IEEE_SYS_REV/4-FullTextExtraction/PDFs_step4/10.1007_s12065-024-00971-2.pdf,cached,92687,32,False,cached,
10.1007/s12559-021-09926-6,10_1007_s12559_021_09926_6,/home/lpapp/IEEE_SYS_REV/4-FullTextExtraction/extract_v1/PDFs_step4_text/10_1007_s12559_021_09926_6.txt,/home/lpapp/IEEE_SYS_REV/4-FullTextExtraction/PDFs_step4/10.1007_s12559-021-09926-6.pdf,cached,56331,12,False,cached,
10.1007/s13369-021-06511-9,10_1007_s13369_021_06511_9,/home/lpapp/IEEE_SYS_REV/4-FullTextExtraction/extract_v1/PDFs_step4_text/10_1007_s13369_021_06511_9.txt,/home/lpapp/IEEE_SYS_REV/4-FullTextExtraction/PDFs_step4/10.1007_s13369-021-06511-9.pdf,cached,63437,12,False,cached,
10.1007/s42452-025-06504-5,10_1007_s42452_025_06504_5,/home/lpapp/IEEE_SYS_REV/4-FullTextExtraction/extract_v1/PDFs_step4_text/10_1007_s42452_025_06504_5.txt,/home/lpapp/IEEE_SYS_REV/4-FullTextExtraction/PDFs_step4/10.1007_s42452-025-06504-5.pdf,cached,79801,23,False,cached,
10.1007/s42484-022-00090-0,10_1007_s42484_022_00090_0,/home/lpapp/IEEE_SYS_REV/4-FullTextExtraction/extract_v1/PDFs_step4_text/10_1007_s42484_022_00090_0.txt,/home/lpapp/IEEE_SYS_REV/4-FullTextExtraction/PDFs_step4/10.1007_s42484-022-00090-0.pdf,cached,65822,11,False,cached,
10.1007/s42484-024-00170-3,10_1007_s42484_024_00170_3,/home/lpapp/IEEE_SYS_REV/4-FullTextExtraction/extract_v1/PDFs_step4_text/10_1007_s42484_024_00170_3.txt,/home/lpapp/IEEE_SYS_REV/4-FullTextExtraction/PDFs_step4/10.1007_s42484-024-00170-3.pdf,layout,92574,18,False,ok,
10.1007/s42484-024-00171-2,10_1007_s42484_024_00171_2,/home/lpapp/IEEE_SYS_REV/4-FullTextExtraction/extract_v1/PDFs_step4_text/10_1007_s42484_024_00171_2.txt,/home/lpapp/IEEE_SYS_REV/4-FullTextExtraction/PDFs_step4/10.1007_s42484-024-00171-2.pdf,layout,69942,12,False,ok,
10.1007/s42484-025-00288-y,10_1007_s42484_025_00288_y,/home/lpapp/IEEE_SYS_REV/4-FullTextExtraction/extract_v1/PDFs_step4_text/10_1007_s42484_025_00288_y.txt,/home/lpapp/IEEE_SYS_REV/4-FullTextExtraction/PDFs_step4/10.1007_s42484-025-00288-y.pdf,cached,128509,28,False,cached,
10.1007/s42484-025-00315-y,10_1007_s42484_025_00315_y,/home/lpapp/IEEE_SYS_REV/4-FullTextExtraction/extract_v1/PDFs_step4_text/10_1007_s42484_025_00315_y.txt,/home/lpapp/IEEE_SYS_REV/4-FullTextExtraction/PDFs_step4/10.1007_s42484-025-00315-y.pdf,layout,122620,25,False,ok,
10.1007/s42484-026-00385-6,10_1007_s42484_026_00385_6,/home/lpapp/IEEE_SYS_REV/4-FullTextExtraction/extract_v1/PDFs_step4_text/10_1007_s42484_026_00385_6.txt,/home/lpapp/IEEE_SYS_REV/4-FullTextExtraction/PDFs_step4/10.1007_s42484-026-00385-6.pdf,cached,107806,18,False,cached,
10.1007/s44196-025-00920-6,10_1007_s44196_025_00920_6,/home/lpapp/IEEE_SYS_REV/4-FullTextExtraction/extract_v1/PDFs_step4_text/10_1007_s44196_025_00920_6.txt,/home/lpapp/IEEE_SYS_REV/4-FullTextExtraction/PDFs_step4/10.1007_s44196-025-00920-6.pdf,cached,73879,21,False,cached,
10.1007/s44443-025-00449-w,10_1007_s44443_025_00449_w,/home/lpapp/IEEE_SYS_REV/4-FullTextExtraction/extract_v1/PDFs_step4_text/10_1007_s44443_025_00449_w.txt,/home/lpapp/IEEE_SYS_REV/4-FullTextExtraction/PDFs_step4/10.1007_s44443-025-00449-w.pdf,layout,106707,20,False,ok,
10.1016/j.acra.2026.01.034,10_1016_j_acra_2026_01_034,/home/lpapp/IEEE_SYS_REV/4-FullTextExtraction/extract_v1/PDFs_step4_text/10_1016_j_acra_2026_01_034.txt,/home/lpapp/IEEE_SYS_REV/4-FullTextExtraction/PDFs_step4/10.1016_j.acra.2026.01.034.pdf,layout,53884,9,False,ok,
10.1016/j.aej.2023.09.008,10_1016_j_aej_2023_09_008,/home/lpapp/IEEE_SYS_REV/4-FullTextExtraction/extract_v1/PDFs_step4_text/10_1016_j_aej_2023_09_008.txt,/home/lpapp/IEEE_SYS_REV/4-FullTextExtraction/PDFs_step4/10.1016_j.aej.2023.09.008.pdf,cached,59532,9,False,cached,
10.1016/j.aej.2025.12.007,10_1016_j_aej_2025_12_007,/home/lpapp/IEEE_SYS_REV/4-FullTextExtraction/extract_v1/PDFs_step4_text/10_1016_j_aej_2025_12_007.txt,/home/lpapp/IEEE_SYS_REV/4-FullTextExtraction/PDFs_step4/10.1016_j.aej.2025.12.007.pdf,cached,176330,20,False,cached,
10.1016/j.artmed.2025.103322,10_1016_j_artmed_2025_103322,/home/lpapp/IEEE_SYS_REV/4-FullTextExtraction/extract_v1/PDFs_step4_text/10_1016_j_artmed_2025_103322.txt,/home/lpapp/IEEE_SYS_REV/4-FullTextExtraction/PDFs_step4/10.1016_j.artmed.2025.103322.pdf,layout,229981,28,False,ok,
10.1016/j.asoc.2024.111781,10_1016_j_asoc_2024_111781,/home/lpapp/IEEE_SYS_REV/4-FullTextExtraction/extract_v1/PDFs_step4_text/10_1016_j_asoc_2024_111781.txt,/home/lpapp/IEEE_SYS_REV/4-FullTextExtraction/PDFs_step4/10.1016_j.asoc.2024.111781.pdf,cached,58280,8,False,cached,
10.1016/j.asoc.2025.113631,10_1016_j_asoc_2025_113631,/home/lpapp/IEEE_SYS_REV/4-FullTextExtraction/extract_v1/PDFs_step4_text/10_1016_j_asoc_2025_113631.txt,/home/lpapp/IEEE_SYS_REV/4-FullTextExtraction/PDFs_step4/10.1016_j.asoc.2025.113631.pdf,layout,197987,25,False,ok,
10.1016/j.bspc.2023.105560,10_1016_j_bspc_2023_105560,/home/lpapp/IEEE_SYS_REV/4-FullTextExtraction/extract_v1/PDFs_step4_text/10_1016_j_bspc_2023_105560.txt,/home/lpapp/IEEE_SYS_REV/4-FullTextExtraction/PDFs_step4/10.1016_j.bspc.2023.105560.pdf,layout,100607,10,False,ok,
10.1016/j.bspc.2026.110251,10_1016_j_bspc_2026_110251,/home/lpapp/IEEE_SYS_REV/4-FullTextExtraction/extract_v1/PDFs_step4_text/10_1016_j_bspc_2026_110251.txt,/home/lpapp/IEEE_SYS_REV/4-FullTextExtraction/PDFs_step4/10.1016_j.bspc.2026.110251.pdf,layout,148622,18,False,ok,
10.1016/j.cmpb.2026.109362,10_1016_j_cmpb_2026_109362,/home/lpapp/IEEE_SYS_REV/4-FullTextExtraction/extract_v1/PDFs_step4_text/10_1016_j_cmpb_2026_109362.txt,/home/lpapp/IEEE_SYS_REV/4-FullTextExtraction/PDFs_step4/10.1016_j.cmpb.2026.109362.pdf,layout,167363,31,False,ok,
10.1016/j.compbiomed.2025.110941,10_1016_j_compbiomed_2025_110941,/home/lpapp/IEEE_SYS_REV/4-FullTextExtraction/extract_v1/PDFs_step4_text/10_1016_j_compbiomed_2025_110941.txt,/home/lpapp/IEEE_SYS_REV/4-FullTextExtraction/PDFs_step4/10.1016_j.compbiomed.2025.110941.pdf,layout,108585,16,False,ok,
10.1016/j.compbiomed.2026.111633,10_1016_j_compbiomed_2026_111633,/home/lpapp/IEEE_SYS_REV/4-FullTextExtraction/extract_v1/PDFs_step4_text/10_1016_j_compbiomed_2026_111633.txt,/home/lpapp/IEEE_SYS_REV/4-FullTextExtraction/PDFs_step4/10.1016_j.compbiomed.2026.111633.pdf,layout,110615,14,False,ok,
10.1016/j.eij.2026.100901,10_1016_j_eij_2026_100901,/home/lpapp/IEEE_SYS_REV/4-FullTextExtraction/extract_v1/PDFs_step4_text/10_1016_j_eij_2026_100901.txt,/home/lpapp/IEEE_SYS_REV/4-FullTextExtraction/PDFs_step4/10.1016_j.eij.2026.100901.pdf,layout,144407,17,False,ok,
10.1016/j.ejca.2025.115632,10_1016_j_ejca_2025_115632,/home/lpapp/IEEE_SYS_REV/4-FullTextExtraction/extract_v1/PDFs_step4_text/10_1016_j_ejca_2025_115632.txt,/home/lpapp/IEEE_SYS_REV/4-FullTextExtraction/PDFs_step4/10.1016_j.ejca.2025.115632.pdf,layout,29492,4,False,ok,
10.1016/j.ejmp.2026.105780,10_1016_j_ejmp_2026_105780,/home/lpapp/IEEE_SYS_REV/4-FullTextExtraction/extract_v1/PDFs_step4_text/10_1016_j_ejmp_2026_105780.txt,/home/lpapp/IEEE_SYS_REV/4-FullTextExtraction/PDFs_step4/10.1016_j.ejmp.2026.105780.pdf,layout,45639,5,False,ok,
10.1016/j.engappai.2025.111938,10_1016_j_engappai_2025_111938,/home/lpapp/IEEE_SYS_REV/4-FullTextExtraction/extract_v1/PDFs_step4_text/10_1016_j_engappai_2025_111938.txt,/home/lpapp/IEEE_SYS_REV/4-FullTextExtraction/PDFs_step4/10.1016_j.engappai.2025.111938.pdf,layout,128387,18,False,ok,
10.1016/j.ijrobp.2026.03.010,10_1016_j_ijrobp_2026_03_010,/home/lpapp/IEEE_SYS_REV/4-FullTextExtraction/extract_v1/PDFs_step4_text/10_1016_j_ijrobp_2026_03_010.txt,/home/lpapp/IEEE_SYS_REV/4-FullTextExtraction/PDFs_step4/10.1016_j.ijrobp.2026.03.010.pdf,layout,83983,11,False,ok,
10.1016/j.inffus.2023.101913,10_1016_j_inffus_2023_101913,/home/lpapp/IEEE_SYS_REV/4-FullTextExtraction/extract_v1/PDFs_step4_text/10_1016_j_inffus_2023_101913.txt,/home/lpapp/IEEE_SYS_REV/4-FullTextExtraction/PDFs_step4/10.1016_j.inffus.2023.101913.pdf,layout,99156,13,False,ok,
10.1016/j.jestch.2025.102272,10_1016_j_jestch_2025_102272,/home/lpapp/IEEE_SYS_REV/4-FullTextExtraction/extract_v1/PDFs_step4_text/10_1016_j_jestch_2025_102272.txt,/home/lpapp/IEEE_SYS_REV/4-FullTextExtraction/PDFs_step4/10.1016_j.jestch.2025.102272.pdf,cached,152890,18,False,cached,
10.1016/j.jestch.2026.102386,10_1016_j_jestch_2026_102386,/home/lpapp/IEEE_SYS_REV/4-FullTextExtraction/extract_v1/PDFs_step4_text/10_1016_j_jestch_2026_102386.txt,/home/lpapp/IEEE_SYS_REV/4-FullTextExtraction/PDFs_step4/10.1016_j.jestch.2026.102386.pdf,layout,155257,18,False,ok,
10.1016/j.jrras.2026.102165,10_1016_j_jrras_2026_102165,/home/lpapp/IEEE_SYS_REV/4-FullTextExtraction/extract_v1/PDFs_step4_text/10_1016_j_jrras_2026_102165.txt,/home/lpapp/IEEE_SYS_REV/4-FullTextExtraction/PDFs_step4/10.1016_j.jrras.2026.102165.pdf,layout,80577,10,False,ok,
10.1016/j.knosys.2023.110413,10_1016_j_knosys_2023_110413,/home/lpapp/IEEE_SYS_REV/4-FullTextExtraction/extract_v1/PDFs_step4_text/10_1016_j_knosys_2023_110413.txt,/home/lpapp/IEEE_SYS_REV/4-FullTextExtraction/PDFs_step4/10.1016_j.knosys.2023.110413.pdf,layout,85996,13,False,ok,
10.1016/j.knosys.2024.112922,10_1016_j_knosys_2024_112922,/home/lpapp/IEEE_SYS_REV/4-FullTextExtraction/extract_v1/PDFs_step4_text/10_1016_j_knosys_2024_112922.txt,/home/lpapp/IEEE_SYS_REV/4-FullTextExtraction/PDFs_step4/10.1016_j.knosys.2024.112922.pdf,layout,134665,20,False,ok,
10.1016/j.mex.2025.103185,10_1016_j_mex_2025_103185,/home/lpapp/IEEE_SYS_REV/4-FullTextExtraction/extract_v1/PDFs_step4_text/10_1016_j_mex_2025_103185.txt,/home/lpapp/IEEE_SYS_REV/4-FullTextExtraction/PDFs_step4/10.1016_j.mex.2025.103185.pdf,cached,64092,13,False,cached,
10.1016/j.mex.2025.103605,10_1016_j_mex_2025_103605,/home/lpapp/IEEE_SYS_REV/4-FullTextExtraction/extract_v1/PDFs_step4_text/10_1016_j_mex_2025_103605.txt,/home/lpapp/IEEE_SYS_REV/4-FullTextExtraction/PDFs_step4/10.1016_j.mex.2025.103605.pdf,cached,78024,16,False,cached,
10.1016/j.neucom.2023.01.049,10_1016_j_neucom_2023_01_049,/home/lpapp/IEEE_SYS_REV/4-FullTextExtraction/extract_v1/PDFs_step4_text/10_1016_j_neucom_2023_01_049.txt,/home/lpapp/IEEE_SYS_REV/4-FullTextExtraction/PDFs_step4/10.1016_j.neucom.2023.01.049.pdf,layout,110914,12,False,ok,
10.1016/j.neucom.2025.131410,10_1016_j_neucom_2025_131410,/home/lpapp/IEEE_SYS_REV/4-FullTextExtraction/extract_v1/PDFs_step4_text/10_1016_j_neucom_2025_131410.txt,/home/lpapp/IEEE_SYS_REV/4-FullTextExtraction/PDFs_step4/10.1016_j.neucom.2025.131410.pdf,layout,109668,12,False,ok,
10.1016/j.patter.2025.101236,10_1016_j_patter_2025_101236,/home/lpapp/IEEE_SYS_REV/4-FullTextExtraction/extract_v1/PDFs_step4_text/10_1016_j_patter_2025_101236.txt,/home/lpapp/IEEE_SYS_REV/4-FullTextExtraction/PDFs_step4/10.1016_j.patter.2025.101236.pdf,cached,121564,15,False,cached,
10.1016/j.radphyschem.2025.113545,10_1016_j_radphyschem_2025_113545,/home/lpapp/IEEE_SYS_REV/4-FullTextExtraction/extract_v1/PDFs_step4_text/10_1016_j_radphyschem_2025_113545.txt,/home/lpapp/IEEE_SYS_REV/4-FullTextExtraction/PDFs_step4/10.1016_j.radphyschem.2025.113545.pdf,layout,65192,8,False,ok,
10.1016/j.softx.2026.102621,10_1016_j_softx_2026_102621,/home/lpapp/IEEE_SYS_REV/4-FullTextExtraction/extract_v1/PDFs_step4_text/10_1016_j_softx_2026_102621.txt,/home/lpapp/IEEE_SYS_REV/4-FullTextExtraction/PDFs_step4/10.1016_j.softx.2026.102621.pdf,layout,65696,9,False,ok,
10.1038/s41467-021-22907-5,10_1038_s41467_021_22907_5,/home/lpapp/IEEE_SYS_REV/4-FullTextExtraction/extract_v1/PDFs_step4_text/10_1038_s41467_021_22907_5.txt,/home/lpapp/IEEE_SYS_REV/4-FullTextExtraction/PDFs_step4/10.1038_s41467-021-22907-5.pdf,cached,73431,9,False,cached,
10.1038/s41585-025-01058-y,10_1038_s41585_025_01058_y,/home/lpapp/IEEE_SYS_REV/4-FullTextExtraction/extract_v1/PDFs_step4_text/10_1038_s41585_025_01058_y.txt,/home/lpapp/IEEE_SYS_REV/4-FullTextExtraction/PDFs_step4/10.1038_s41585-025-01058-y.pdf,layout,17211,2,False,ok,
10.1038/s41598-022-25280-5,10_1038_s41598_022_25280_5,/home/lpapp/IEEE_SYS_REV/4-FullTextExtraction/extract_v1/PDFs_step4_text/10_1038_s41598_022_25280_5.txt,/home/lpapp/IEEE_SYS_REV/4-FullTextExtraction/PDFs_step4/10.1038_s41598-022-25280-5.pdf,cached,63153,9,False,cached,
10.1038/s41598-023-41700-6,10_1038_s41598_023_41700_6,/home/lpapp/IEEE_SYS_REV/4-FullTextExtraction/extract_v1/PDFs_step4_text/10_1038_s41598_023_41700_6.txt,/home/lpapp/IEEE_SYS_REV/4-FullTextExtraction/PDFs_step4/10.1038_s41598-023-41700-6.pdf,cached,64604,10,False,cached,
10.1038/s41598-024-60472-1,10_1038_s41598_024_60472_1,/home/lpapp/IEEE_SYS_REV/4-FullTextExtraction/extract_v1/PDFs_step4_text/10_1038_s41598_024_60472_1.txt,/home/lpapp/IEEE_SYS_REV/4-FullTextExtraction/PDFs_step4/10.1038_s41598-024-60472-1.pdf,cached,62569,8,False,cached,
10.1038/s41598-024-61452-1,10_1038_s41598_024_61452_1,/home/lpapp/IEEE_SYS_REV/4-FullTextExtraction/extract_v1/PDFs_step4_text/10_1038_s41598_024_61452_1.txt,/home/lpapp/IEEE_SYS_REV/4-FullTextExtraction/PDFs_step4/10.1038_s41598-024-61452-1.pdf,cached,59016,10,False,cached,
10.1038/s41598-025-08453-w,10_1038_s41598_025_08453_w,/home/lpapp/IEEE_SYS_REV/4-FullTextExtraction/extract_v1/PDFs_step4_text/10_1038_s41598_025_08453_w.txt,/home/lpapp/IEEE_SYS_REV/4-FullTextExtraction/PDFs_step4/10.1038_s41598-025-08453-w.pdf,cached,81864,13,False,cached,
10.1038/s41598-025-14611-x,10_1038_s41598_025_14611_x,/home/lpapp/IEEE_SYS_REV/4-FullTextExtraction/extract_v1/PDFs_step4_text/10_1038_s41598_025_14611_x.txt,/home/lpapp/IEEE_SYS_REV/4-FullTextExtraction/PDFs_step4/10.1038_s41598-025-14611-x.pdf,cached,72530,10,False,cached,
10.1038/s41598-025-17075-1,10_1038_s41598_025_17075_1,/home/lpapp/IEEE_SYS_REV/4-FullTextExtraction/extract_v1/PDFs_step4_text/10_1038_s41598_025_17075_1.txt,/home/lpapp/IEEE_SYS_REV/4-FullTextExtraction/PDFs_step4/10.1038_s41598-025-17075-1.pdf,cached,79905,13,False,cached,
10.1038/s41598-025-24168-4,10_1038_s41598_025_24168_4,/home/lpapp/IEEE_SYS_REV/4-FullTextExtraction/extract_v1/PDFs_step4_text/10_1038_s41598_025_24168_4.txt,/home/lpapp/IEEE_SYS_REV/4-FullTextExtraction/PDFs_step4/10.1038_s41598-025-24168-4.pdf,cached,197084,35,False,cached,
10.1038/s41598-025-31122-x,10_1038_s41598_025_31122_x,/home/lpapp/IEEE_SYS_REV/4-FullTextExtraction/extract_v1/PDFs_step4_text/10_1038_s41598_025_31122_x.txt,/home/lpapp/IEEE_SYS_REV/4-FullTextExtraction/PDFs_step4/10.1038_s41598-025-31122-x.pdf,cached,176586,33,False,cached,
10.1038/s41598-025-32951-6,10_1038_s41598_025_32951_6,/home/lpapp/IEEE_SYS_REV/4-FullTextExtraction/extract_v1/PDFs_step4_text/10_1038_s41598_025_32951_6.txt,/home/lpapp/IEEE_SYS_REV/4-FullTextExtraction/PDFs_step4/10.1038_s41598-025-32951-6.pdf,cached,80468,13,False,cached,
10.1038/s41598-025-93552-x,10_1038_s41598_025_93552_x,/home/lpapp/IEEE_SYS_REV/4-FullTextExtraction/extract_v1/PDFs_step4_text/10_1038_s41598_025_93552_x.txt,/home/lpapp/IEEE_SYS_REV/4-FullTextExtraction/PDFs_step4/10.1038_s41598-025-93552-x.pdf,cached,87996,16,False,cached,
10.1038/s41598-026-35540-3,10_1038_s41598_026_35540_3,/home/lpapp/IEEE_SYS_REV/4-FullTextExtraction/extract_v1/PDFs_step4_text/10_1038_s41598_026_35540_3.txt,/home/lpapp/IEEE_SYS_REV/4-FullTextExtraction/PDFs_step4/10.1038_s41598-026-35540-3.pdf,cached,87535,36,False,cached,
10.1038/s41598-026-35605-3,10_1038_s41598_026_35605_3,/home/lpapp/IEEE_SYS_REV/4-FullTextExtraction/extract_v1/PDFs_step4_text/10_1038_s41598_026_35605_3.txt,/home/lpapp/IEEE_SYS_REV/4-FullTextExtraction/PDFs_step4/10.1038_s41598-026-35605-3.pdf,cached,99259,17,False,cached,
10.1038/s41598-026-35951-2,10_1038_s41598_026_35951_2,/home/lpapp/IEEE_SYS_REV/4-FullTextExtraction/extract_v1/PDFs_step4_text/10_1038_s41598_026_35951_2.txt,/home/lpapp/IEEE_SYS_REV/4-FullTextExtraction/PDFs_step4/10.1038_s41598-026-35951-2.pdf,cached,106345,22,False,cached,
10.1038/s41598-026-38063-z,10_1038_s41598_026_38063_z,/home/lpapp/IEEE_SYS_REV/4-FullTextExtraction/extract_v1/PDFs_step4_text/10_1038_s41598_026_38063_z.txt,/home/lpapp/IEEE_SYS_REV/4-FullTextExtraction/PDFs_step4/10.1038_s41598-026-38063-z.pdf,cached,92293,14,False,cached,
10.1038/s41598-026-40127-z,10_1038_s41598_026_40127_z,/home/lpapp/IEEE_SYS_REV/4-FullTextExtraction/extract_v1/PDFs_step4_text/10_1038_s41598_026_40127_z.txt,/home/lpapp/IEEE_SYS_REV/4-FullTextExtraction/PDFs_step4/10.1038_s41598-026-40127-z.pdf,cached,104391,20,False,cached,
10.1038/s41598-026-42047-4,10_1038_s41598_026_42047_4,/home/lpapp/IEEE_SYS_REV/4-FullTextExtraction/extract_v1/PDFs_step4_text/10_1038_s41598_026_42047_4.txt,/home/lpapp/IEEE_SYS_REV/4-FullTextExtraction/PDFs_step4/10.1038_s41598-026-42047-4.pdf,cached,99380,23,False,cached,
10.1038/s41598-026-49227-2,10_1038_s41598_026_49227_2,/home/lpapp/IEEE_SYS_REV/4-FullTextExtraction/extract_v1/PDFs_step4_text/10_1038_s41598_026_49227_2.txt,/home/lpapp/IEEE_SYS_REV/4-FullTextExtraction/PDFs_step4/10.1038_s41598-026-49227-2.pdf,cached,82571,36,False,cached,
10.1038/s41598-026-51130-9,10_1038_s41598_026_51130_9,/home/lpapp/IEEE_SYS_REV/4-FullTextExtraction/extract_v1/PDFs_step4_text/10_1038_s41598_026_51130_9.txt,/home/lpapp/IEEE_SYS_REV/4-FullTextExtraction/PDFs_step4/10.1038_s41598-026-51130-9.pdf,cached,92006,30,False,cached,
10.1038/s41598-026-51942-9,10_1038_s41598_026_51942_9,/home/lpapp/IEEE_SYS_REV/4-FullTextExtraction/extract_v1/PDFs_step4_text/10_1038_s41598_026_51942_9.txt,/home/lpapp/IEEE_SYS_REV/4-FullTextExtraction/PDFs_step4/10.1038_s41598-026-51942-9.pdf,layout,202830,71,False,ok,
10.1038/s43588-022-00351-9,10_1038_s43588_022_00351_9,/home/lpapp/IEEE_SYS_REV/4-FullTextExtraction/extract_v1/PDFs_step4_text/10_1038_s43588_022_00351_9.txt,/home/lpapp/IEEE_SYS_REV/4-FullTextExtraction/PDFs_step4/10.1038_s43588-022-00351-9.pdf,layout,68718,7,False,ok,
10.1049/qtc2.12078,10_1049_qtc2_12078,/home/lpapp/IEEE_SYS_REV/4-FullTextExtraction/extract_v1/PDFs_step4_text/10_1049_qtc2_12078.txt,/home/lpapp/IEEE_SYS_REV/4-FullTextExtraction/PDFs_step4/10.1049_qtc2.12078.pdf,cached,98017,17,False,cached,
10.1049/qtc2.70010,10_1049_qtc2_70010,/home/lpapp/IEEE_SYS_REV/4-FullTextExtraction/extract_v1/PDFs_step4_text/10_1049_qtc2_70010.txt,/home/lpapp/IEEE_SYS_REV/4-FullTextExtraction/PDFs_step4/10.1049_qtc2.70010.pdf,cached,124748,19,False,cached,
10.1063/5.0261878,10_1063_5_0261878,/home/lpapp/IEEE_SYS_REV/4-FullTextExtraction/extract_v1/PDFs_step4_text/10_1063_5_0261878.txt,/home/lpapp/IEEE_SYS_REV/4-FullTextExtraction/PDFs_step4/10.1063_5.0261878.pdf,layout,62529,9,False,ok,
10.1080/00207454.2026.2656322,10_1080_00207454_2026_2656322,/home/lpapp/IEEE_SYS_REV/4-FullTextExtraction/extract_v1/PDFs_step4_text/10_1080_00207454_2026_2656322.txt,/home/lpapp/IEEE_SYS_REV/4-FullTextExtraction/PDFs_step4/10.1080_00207454.2026.2656322.pdf,layout,109781,21,False,ok,
10.1088/1361-6560/ae48aa,10_1088_1361_6560_ae48aa,/home/lpapp/IEEE_SYS_REV/4-FullTextExtraction/extract_v1/PDFs_step4_text/10_1088_1361_6560_ae48aa.txt,/home/lpapp/IEEE_SYS_REV/4-FullTextExtraction/PDFs_step4/10.1088_1361-6560_ae48aa.pdf,layout,101308,16,False,ok,
10.1088/1402-4896/ae20d5,10_1088_1402_4896_ae20d5,/home/lpapp/IEEE_SYS_REV/4-FullTextExtraction/extract_v1/PDFs_step4_text/10_1088_1402_4896_ae20d5.txt,/home/lpapp/IEEE_SYS_REV/4-FullTextExtraction/PDFs_step4/10.1088_1402-4896_ae20d5.pdf,layout,97115,21,False,ok,
10.1088/1748-0221/18/07/p07007,10_1088_1748_0221_18_07_p07007,/home/lpapp/IEEE_SYS_REV/4-FullTextExtraction/extract_v1/PDFs_step4_text/10_1088_1748_0221_18_07_p07007.txt,/home/lpapp/IEEE_SYS_REV/4-FullTextExtraction/PDFs_step4/10.1088_1748-0221_18_07_p07007.pdf,cached,90616,21,False,cached,
10.1088/2058-9565/acfc61,10_1088_2058_9565_acfc61,/home/lpapp/IEEE_SYS_REV/4-FullTextExtraction/extract_v1/PDFs_step4_text/10_1088_2058_9565_acfc61.txt,/home/lpapp/IEEE_SYS_REV/4-FullTextExtraction/PDFs_step4/10.1088_2058-9565_acfc61.pdf,cached,59542,16,False,cached,
10.1088/2058-9565/adbcd1,10_1088_2058_9565_adbcd1,/home/lpapp/IEEE_SYS_REV/4-FullTextExtraction/extract_v1/PDFs_step4_text/10_1088_2058_9565_adbcd1.txt,/home/lpapp/IEEE_SYS_REV/4-FullTextExtraction/PDFs_step4/10.1088_2058-9565_adbcd1.pdf,layout,118196,26,False,ok,
10.1088/2058-9565/ae24a8,10_1088_2058_9565_ae24a8,/home/lpapp/IEEE_SYS_REV/4-FullTextExtraction/extract_v1/PDFs_step4_text/10_1088_2058_9565_ae24a8.txt,/home/lpapp/IEEE_SYS_REV/4-FullTextExtraction/PDFs_step4/10.1088_2058-9565_ae24a8.pdf,cached,75328,19,False,cached,
10.1088/2632-2153/acffa3,10_1088_2632_2153_acffa3,/home/lpapp/IEEE_SYS_REV/4-FullTextExtraction/extract_v1/PDFs_step4_text/10_1088_2632_2153_acffa3.txt,/home/lpapp/IEEE_SYS_REV/4-FullTextExtraction/PDFs_step4/10.1088_2632-2153_acffa3.pdf,cached,85255,21,False,cached,
10.1088/2632-2153/ad2aef,10_1088_2632_2153_ad2aef,/home/lpapp/IEEE_SYS_REV/4-FullTextExtraction/extract_v1/PDFs_step4_text/10_1088_2632_2153_ad2aef.txt,/home/lpapp/IEEE_SYS_REV/4-FullTextExtraction/PDFs_step4/10.1088_2632-2153_ad2aef.pdf,cached,81090,13,False,cached,
10.1088/2632-2153/ad8c11,10_1088_2632_2153_ad8c11,/home/lpapp/IEEE_SYS_REV/4-FullTextExtraction/extract_v1/PDFs_step4_text/10_1088_2632_2153_ad8c11.txt,/home/lpapp/IEEE_SYS_REV/4-FullTextExtraction/PDFs_step4/10.1088_2632-2153_ad8c11.pdf,cached,83486,19,False,cached,
10.1088/2632-2153/add1a9,10_1088_2632_2153_add1a9,/home/lpapp/IEEE_SYS_REV/4-FullTextExtraction/extract_v1/PDFs_step4_text/10_1088_2632_2153_add1a9.txt,/home/lpapp/IEEE_SYS_REV/4-FullTextExtraction/PDFs_step4/10.1088_2632-2153_add1a9.pdf,cached,110577,19,False,cached,
10.1093/jcde/qwac003,10_1093_jcde_qwac003,/home/lpapp/IEEE_SYS_REV/4-FullTextExtraction/extract_v1/PDFs_step4_text/10_1093_jcde_qwac003.txt,/home/lpapp/IEEE_SYS_REV/4-FullTextExtraction/PDFs_step4/10.1093_jcde_qwac003.pdf,cached,115517,21,False,cached,
10.1103/physreva.110.063512,10_1103_physreva_110_063512,/home/lpapp/IEEE_SYS_REV/4-FullTextExtraction/extract_v1/PDFs_step4_text/10_1103_physreva_110_063512.txt,/home/lpapp/IEEE_SYS_REV/4-FullTextExtraction/PDFs_step4/10.1103_physreva.110.063512.pdf,layout,61443,10,False,ok,
10.1103/physrevresearch.6.l042060,10_1103_physrevresearch_6_l042060,/home/lpapp/IEEE_SYS_REV/4-FullTextExtraction/extract_v1/PDFs_step4_text/10_1103_physrevresearch_6_l042060.txt,/home/lpapp/IEEE_SYS_REV/4-FullTextExtraction/PDFs_step4/10.1103_physrevresearch.6.l042060.pdf,cached,53482,8,False,cached,
10.1109/access.2022.3195044,10_1109_access_2022_3195044,/home/lpapp/IEEE_SYS_REV/4-FullTextExtraction/extract_v1/PDFs_step4_text/10_1109_access_2022_3195044.txt,/home/lpapp/IEEE_SYS_REV/4-FullTextExtraction/PDFs_step4/10.1109_access.2022.3195044.pdf,cached,116174,22,False,cached,
10.1109/access.2024.3360139,10_1109_access_2024_3360139,/home/lpapp/IEEE_SYS_REV/4-FullTextExtraction/extract_v1/PDFs_step4_text/10_1109_access_2024_3360139.txt,/home/lpapp/IEEE_SYS_REV/4-FullTextExtraction/PDFs_step4/10.1109_access.2024.3360139.pdf,cached,159924,20,False,cached,
10.1109/access.2024.3434681,10_1109_access_2024_3434681,/home/lpapp/IEEE_SYS_REV/4-FullTextExtraction/extract_v1/PDFs_step4_text/10_1109_access_2024_3434681.txt,/home/lpapp/IEEE_SYS_REV/4-FullTextExtraction/PDFs_step4/10.1109_access.2024.3434681.pdf,cached,86336,17,False,cached,
10.1109/access.2025.3531407,10_1109_access_2025_3531407,/home/lpapp/IEEE_SYS_REV/4-FullTextExtraction/extract_v1/PDFs_step4_text/10_1109_access_2025_3531407.txt,/home/lpapp/IEEE_SYS_REV/4-FullTextExtraction/PDFs_step4/10.1109_access.2025.3531407.pdf,cached,129853,21,False,cached,
10.1109/access.2025.3542807,10_1109_access_2025_3542807,/home/lpapp/IEEE_SYS_REV/4-FullTextExtraction/extract_v1/PDFs_step4_text/10_1109_access_2025_3542807.txt,/home/lpapp/IEEE_SYS_REV/4-FullTextExtraction/PDFs_step4/10.1109_access.2025.3542807.pdf,cached,98702,20,False,cached,
10.1109/access.2025.3581030,10_1109_access_2025_3581030,/home/lpapp/IEEE_SYS_REV/4-FullTextExtraction/extract_v1/PDFs_step4_text/10_1109_access_2025_3581030.txt,/home/lpapp/IEEE_SYS_REV/4-FullTextExtraction/PDFs_step4/10.1109_access.2025.3581030.pdf,cached,74708,11,False,cached,
10.1109/access.2025.3599679,10_1109_access_2025_3599679,/home/lpapp/IEEE_SYS_REV/4-FullTextExtraction/extract_v1/PDFs_step4_text/10_1109_access_2025_3599679.txt,/home/lpapp/IEEE_SYS_REV/4-FullTextExtraction/PDFs_step4/10.1109_access.2025.3599679.pdf,cached,71534,11,False,cached,
10.1109/access.2025.3608217,10_1109_access_2025_3608217,/home/lpapp/IEEE_SYS_REV/4-FullTextExtraction/extract_v1/PDFs_step4_text/10_1109_access_2025_3608217.txt,/home/lpapp/IEEE_SYS_REV/4-FullTextExtraction/PDFs_step4/10.1109_access.2025.3608217.pdf,cached,83783,13,False,cached,
10.1109/access.2025.3625205,10_1109_access_2025_3625205,/home/lpapp/IEEE_SYS_REV/4-FullTextExtraction/extract_v1/PDFs_step4_text/10_1109_access_2025_3625205.txt,/home/lpapp/IEEE_SYS_REV/4-FullTextExtraction/PDFs_step4/10.1109_access.2025.3625205.pdf,cached,109992,20,False,cached,
10.1109/access.2025.3627877,10_1109_access_2025_3627877,/home/lpapp/IEEE_SYS_REV/4-FullTextExtraction/extract_v1/PDFs_step4_text/10_1109_access_2025_3627877.txt,/home/lpapp/IEEE_SYS_REV/4-FullTextExtraction/PDFs_step4/10.1109_access.2025.3627877.pdf,cached,109387,17,False,cached,
10.1109/access.2025.3638383,10_1109_access_2025_3638383,/home/lpapp/IEEE_SYS_REV/4-FullTextExtraction/extract_v1/PDFs_step4_text/10_1109_access_2025_3638383.txt,/home/lpapp/IEEE_SYS_REV/4-FullTextExtraction/PDFs_step4/10.1109_access.2025.3638383.pdf,cached,118056,21,False,cached,
10.1109/access.2025.3639179,10_1109_access_2025_3639179,/home/lpapp/IEEE_SYS_REV/4-FullTextExtraction/extract_v1/PDFs_step4_text/10_1109_access_2025_3639179.txt,/home/lpapp/IEEE_SYS_REV/4-FullTextExtraction/PDFs_step4/10.1109_access.2025.3639179.pdf,cached,89857,17,False,cached,
10.1109/access.2026.3663498,10_1109_access_2026_3663498,/home/lpapp/IEEE_SYS_REV/4-FullTextExtraction/extract_v1/PDFs_step4_text/10_1109_access_2026_3663498.txt,/home/lpapp/IEEE_SYS_REV/4-FullTextExtraction/PDFs_step4/10.1109_access.2026.3663498.pdf,layout,301066,43,False,ok,
10.1109/access.2026.3669206,10_1109_access_2026_3669206,/home/lpapp/IEEE_SYS_REV/4-FullTextExtraction/extract_v1/PDFs_step4_text/10_1109_access_2026_3669206.txt,/home/lpapp/IEEE_SYS_REV/4-FullTextExtraction/PDFs_step4/10.1109_access.2026.3669206.pdf,layout,87702,14,False,ok,
10.1109/access.2026.3677204,10_1109_access_2026_3677204,/home/lpapp/IEEE_SYS_REV/4-FullTextExtraction/extract_v1/PDFs_step4_text/10_1109_access_2026_3677204.txt,/home/lpapp/IEEE_SYS_REV/4-FullTextExtraction/PDFs_step4/10.1109_access.2026.3677204.pdf,layout,83901,15,False,ok,
10.1109/access.2026.3683415,10_1109_access_2026_3683415,/home/lpapp/IEEE_SYS_REV/4-FullTextExtraction/extract_v1/PDFs_step4_text/10_1109_access_2026_3683415.txt,/home/lpapp/IEEE_SYS_REV/4-FullTextExtraction/PDFs_step4/10.1109_access.2026.3683415.pdf,layout,127435,21,False,ok,
10.1109/access.2026.3686925,10_1109_access_2026_3686925,/home/lpapp/IEEE_SYS_REV/4-FullTextExtraction/extract_v1/PDFs_step4_text/10_1109_access_2026_3686925.txt,/home/lpapp/IEEE_SYS_REV/4-FullTextExtraction/PDFs_step4/10.1109_access.2026.3686925.pdf,layout,82550,21,False,ok,
10.1109/jbhi.2025.3596156,10_1109_jbhi_2025_3596156,/home/lpapp/IEEE_SYS_REV/4-FullTextExtraction/extract_v1/PDFs_step4_text/10_1109_jbhi_2025_3596156.txt,/home/lpapp/IEEE_SYS_REV/4-FullTextExtraction/PDFs_step4/10.1109_jbhi.2025.3596156.pdf,layout,153248,15,False,ok,
10.1109/jbhi.2025.3610855,10_1109_jbhi_2025_3610855,/home/lpapp/IEEE_SYS_REV/4-FullTextExtraction/extract_v1/PDFs_step4_text/10_1109_jbhi_2025_3610855.txt,/home/lpapp/IEEE_SYS_REV/4-FullTextExtraction/PDFs_step4/10.1109_jbhi.2025.3610855.pdf,layout,97463,14,False,ok,
10.1109/jiot.2025.3537614,10_1109_jiot_2025_3537614,/home/lpapp/IEEE_SYS_REV/4-FullTextExtraction/extract_v1/PDFs_step4_text/10_1109_jiot_2025_3537614.txt,/home/lpapp/IEEE_SYS_REV/4-FullTextExtraction/PDFs_step4/10.1109_jiot.2025.3537614.pdf,layout,93163,13,False,ok,
10.1109/jiot.2025.3586090,10_1109_jiot_2025_3586090,/home/lpapp/IEEE_SYS_REV/4-FullTextExtraction/extract_v1/PDFs_step4_text/10_1109_jiot_2025_3586090.txt,/home/lpapp/IEEE_SYS_REV/4-FullTextExtraction/PDFs_step4/10.1109_jiot.2025.3586090.pdf,cached,60843,10,False,cached,
10.1109/tce.2024.3351649,10_1109_tce_2024_3351649,/home/lpapp/IEEE_SYS_REV/4-FullTextExtraction/extract_v1/PDFs_step4_text/10_1109_tce_2024_3351649.txt,/home/lpapp/IEEE_SYS_REV/4-FullTextExtraction/PDFs_step4/10.1109_tce.2024.3351649.pdf,layout,78060,10,False,ok,
10.1109/tce.2025.3548303,10_1109_tce_2025_3548303,/home/lpapp/IEEE_SYS_REV/4-FullTextExtraction/extract_v1/PDFs_step4_text/10_1109_tce_2025_3548303.txt,/home/lpapp/IEEE_SYS_REV/4-FullTextExtraction/PDFs_step4/10.1109_tce.2025.3548303.pdf,cached,110083,15,False,cached,
10.1109/tim.2025.3533651,10_1109_tim_2025_3533651,/home/lpapp/IEEE_SYS_REV/4-FullTextExtraction/extract_v1/PDFs_step4_text/10_1109_tim_2025_3533651.txt,/home/lpapp/IEEE_SYS_REV/4-FullTextExtraction/PDFs_step4/10.1109_tim.2025.3533651.pdf,layout,55151,8,False,ok,
10.1109/tns.2022.3140396,10_1109_tns_2022_3140396,/home/lpapp/IEEE_SYS_REV/4-FullTextExtraction/extract_v1/PDFs_step4_text/10_1109_tns_2022_3140396.txt,/home/lpapp/IEEE_SYS_REV/4-FullTextExtraction/PDFs_step4/10.1109_tns.2022.3140396.pdf,layout,54117,8,False,ok,
10.1109/tns.2024.3369972,10_1109_tns_2024_3369972,/home/lpapp/IEEE_SYS_REV/4-FullTextExtraction/extract_v1/PDFs_step4_text/10_1109_tns_2024_3369972.txt,/home/lpapp/IEEE_SYS_REV/4-FullTextExtraction/PDFs_step4/10.1109_tns.2024.3369972.pdf,layout,71263,11,False,ok,
10.1109/tnsre.2024.3385336,10_1109_tnsre_2024_3385336,/home/lpapp/IEEE_SYS_REV/4-FullTextExtraction/extract_v1/PDFs_step4_text/10_1109_tnsre_2024_3385336.txt,/home/lpapp/IEEE_SYS_REV/4-FullTextExtraction/PDFs_step4/10.1109_tnsre.2024.3385336.pdf,cached,137408,10,False,cached,
10.1109/tqe.2025.3618295,10_1109_tqe_2025_3618295,/home/lpapp/IEEE_SYS_REV/4-FullTextExtraction/extract_v1/PDFs_step4_text/10_1109_tqe_2025_3618295.txt,/home/lpapp/IEEE_SYS_REV/4-FullTextExtraction/PDFs_step4/10.1109_tqe.2025.3618295.pdf,cached,77560,11,False,cached,
10.1109/tqe.2026.3681530,10_1109_tqe_2026_3681530,/home/lpapp/IEEE_SYS_REV/4-FullTextExtraction/extract_v1/PDFs_step4_text/10_1109_tqe_2026_3681530.txt,/home/lpapp/IEEE_SYS_REV/4-FullTextExtraction/PDFs_step4/10.1109_tqe.2026.3681530.pdf,cached,40153,14,False,cached,
10.1109/trpms.2024.3388872,10_1109_trpms_2024_3388872,/home/lpapp/IEEE_SYS_REV/4-FullTextExtraction/extract_v1/PDFs_step4_text/10_1109_trpms_2024_3388872.txt,/home/lpapp/IEEE_SYS_REV/4-FullTextExtraction/PDFs_step4/10.1109_trpms.2024.3388872.pdf,cached,84325,10,False,cached,
10.1117/12.3085665,10_1117_12_3085665,/home/lpapp/IEEE_SYS_REV/4-FullTextExtraction/extract_v1/PDFs_step4_text/10_1117_12_3085665.txt,/home/lpapp/IEEE_SYS_REV/4-FullTextExtraction/PDFs_step4/10.1117_12.3085665.pdf,layout,31996,8,False,ok,
10.1140/epjp/s13360-025-06587-4,10_1140_epjp_s13360_025_06587_4,/home/lpapp/IEEE_SYS_REV/4-FullTextExtraction/extract_v1/PDFs_step4_text/10_1140_epjp_s13360_025_06587_4.txt,/home/lpapp/IEEE_SYS_REV/4-FullTextExtraction/PDFs_step4/10.1140_epjp_s13360-025-06587-4.pdf,layout,118088,26,False,ok,
10.1140/epjp/s13360-025-07148-5,10_1140_epjp_s13360_025_07148_5,/home/lpapp/IEEE_SYS_REV/4-FullTextExtraction/extract_v1/PDFs_step4_text/10_1140_epjp_s13360_025_07148_5.txt,/home/lpapp/IEEE_SYS_REV/4-FullTextExtraction/PDFs_step4/10.1140_epjp_s13360-025-07148-5.pdf,layout,56549,14,False,ok,
10.1140/epjqt/s40507-026-00500-3,10_1140_epjqt_s40507_026_00500_3,/home/lpapp/IEEE_SYS_REV/4-FullTextExtraction/extract_v1/PDFs_step4_text/10_1140_epjqt_s40507_026_00500_3.txt,/home/lpapp/IEEE_SYS_REV/4-FullTextExtraction/PDFs_step4/10.1140_epjqt_s40507-026-00500-3.pdf,cached,113599,28,False,cached,
10.1142/s1469026825500105,10_1142_s1469026825500105,/home/lpapp/IEEE_SYS_REV/4-FullTextExtraction/extract_v1/PDFs_step4_text/10_1142_s1469026825500105.txt,/home/lpapp/IEEE_SYS_REV/4-FullTextExtraction/PDFs_step4/10.1142_s1469026825500105.pdf,layout,103146,34,False,ok,
10.1155/2022/3236305,10_1155_2022_3236305,/home/lpapp/IEEE_SYS_REV/4-FullTextExtraction/extract_v1/PDFs_step4_text/10_1155_2022_3236305.txt,/home/lpapp/IEEE_SYS_REV/4-FullTextExtraction/PDFs_step4/10.1155_2022_3236305.pdf,cached,84537,13,False,cached,
10.1155/acis/1176614,10_1155_acis_1176614,/home/lpapp/IEEE_SYS_REV/4-FullTextExtraction/extract_v1/PDFs_step4_text/10_1155_acis_1176614.txt,/home/lpapp/IEEE_SYS_REV/4-FullTextExtraction/PDFs_step4/10.1155_acis_1176614.pdf,layout,143406,19,False,ok,
10.1177/15330338231215214,10_1177_15330338231215214,/home/lpapp/IEEE_SYS_REV/4-FullTextExtraction/extract_v1/PDFs_step4_text/10_1177_15330338231215214.txt,/home/lpapp/IEEE_SYS_REV/4-FullTextExtraction/PDFs_step4/10.1177_15330338231215214.pdf,cached,54197,9,False,cached,
10.1186/s12880-023-01084-5,10_1186_s12880_023_01084_5,/home/lpapp/IEEE_SYS_REV/4-FullTextExtraction/extract_v1/PDFs_step4_text/10_1186_s12880_023_01084_5.txt,/home/lpapp/IEEE_SYS_REV/4-FullTextExtraction/PDFs_step4/10.1186_s12880-023-01084-5.pdf,cached,119755,23,False,cached,
10.1186/s12880-025-01813-y,10_1186_s12880_025_01813_y,/home/lpapp/IEEE_SYS_REV/4-FullTextExtraction/extract_v1/PDFs_step4_text/10_1186_s12880_025_01813_y.txt,/home/lpapp/IEEE_SYS_REV/4-FullTextExtraction/PDFs_step4/10.1186_s12880-025-01813-y.pdf,cached,75361,12,False,cached,
10.1186/s12911-021-01588-6,10_1186_s12911_021_01588_6,/home/lpapp/IEEE_SYS_REV/4-FullTextExtraction/extract_v1/PDFs_step4_text/10_1186_s12911_021_01588_6.txt,/home/lpapp/IEEE_SYS_REV/4-FullTextExtraction/PDFs_step4/10.1186_s12911-021-01588-6.pdf,cached,75603,14,False,cached,
10.1371/journal.pone.0331870,10_1371_journal_pone_0331870,/home/lpapp/IEEE_SYS_REV/4-FullTextExtraction/extract_v1/PDFs_step4_text/10_1371_journal_pone_0331870.txt,/home/lpapp/IEEE_SYS_REV/4-FullTextExtraction/PDFs_step4/10.1371_journal.pone.0331870.pdf,cached,118620,22,False,cached,
10.18280/ts.420531,10_18280_ts_420531,/home/lpapp/IEEE_SYS_REV/4-FullTextExtraction/extract_v1/PDFs_step4_text/10_18280_ts_420531.txt,/home/lpapp/IEEE_SYS_REV/4-FullTextExtraction/PDFs_step4/10.18280_ts.420531.pdf,cached,76182,10,False,cached,
10.2174/0115734056317489240808094924,10_2174_0115734056317489240808094924,/home/lpapp/IEEE_SYS_REV/4-FullTextExtraction/extract_v1/PDFs_step4_text/10_2174_0115734056317489240808094924.txt,/home/lpapp/IEEE_SYS_REV/4-FullTextExtraction/PDFs_step4/10.2174_0115734056317489240808094924.pdf,cached,89146,17,False,cached,
10.22331/q-2022-12-22-881,10_22331_q_2022_12_22_881,/home/lpapp/IEEE_SYS_REV/4-FullTextExtraction/extract_v1/PDFs_step4_text/10_22331_q_2022_12_22_881.txt,/home/lpapp/IEEE_SYS_REV/4-FullTextExtraction/PDFs_step4/10.22331_q-2022-12-22-881.pdf,cached,168385,30,False,cached,
10.3389/fdgth.2023.1283726,10_3389_fdgth_2023_1283726,/home/lpapp/IEEE_SYS_REV/4-FullTextExtraction/extract_v1/PDFs_step4_text/10_3389_fdgth_2023_1283726.txt,/home/lpapp/IEEE_SYS_REV/4-FullTextExtraction/PDFs_step4/10.3389_fdgth.2023.1283726.pdf,cached,103740,16,False,cached,
10.3389/fmed.2025.1677234,10_3389_fmed_2025_1677234,/home/lpapp/IEEE_SYS_REV/4-FullTextExtraction/extract_v1/PDFs_step4_text/10_3389_fmed_2025_1677234.txt,/home/lpapp/IEEE_SYS_REV/4-FullTextExtraction/PDFs_step4/10.3389_fmed.2025.1677234.pdf,cached,132216,22,False,cached,
10.3389/fonc.2025.1553539,10_3389_fonc_2025_1553539,/home/lpapp/IEEE_SYS_REV/4-FullTextExtraction/extract_v1/PDFs_step4_text/10_3389_fonc_2025_1553539.txt,/home/lpapp/IEEE_SYS_REV/4-FullTextExtraction/PDFs_step4/10.3389_fonc.2025.1553539.pdf,cached,89095,16,False,cached,
10.3389/fphy.2022.1046314,10_3389_fphy_2022_1046314,/home/lpapp/IEEE_SYS_REV/4-FullTextExtraction/extract_v1/PDFs_step4_text/10_3389_fphy_2022_1046314.txt,/home/lpapp/IEEE_SYS_REV/4-FullTextExtraction/PDFs_step4/10.3389_fphy.2022.1046314.pdf,cached,47792,11,False,cached,
10.3389/fphy.2023.1212373,10_3389_fphy_2023_1212373,/home/lpapp/IEEE_SYS_REV/4-FullTextExtraction/extract_v1/PDFs_step4_text/10_3389_fphy_2023_1212373.txt,/home/lpapp/IEEE_SYS_REV/4-FullTextExtraction/PDFs_step4/10.3389_fphy.2023.1212373.pdf,cached,83837,14,False,cached,
10.3389/fpsyt.2025.1648060,10_3389_fpsyt_2025_1648060,/home/lpapp/IEEE_SYS_REV/4-FullTextExtraction/extract_v1/PDFs_step4_text/10_3389_fpsyt_2025_1648060.txt,/home/lpapp/IEEE_SYS_REV/4-FullTextExtraction/PDFs_step4/10.3389_fpsyt.2025.1648060.pdf,cached,78825,11,False,cached,
10.3389/frai.2026.1807209,10_3389_frai_2026_1807209,/home/lpapp/IEEE_SYS_REV/4-FullTextExtraction/extract_v1/PDFs_step4_text/10_3389_frai_2026_1807209.txt,/home/lpapp/IEEE_SYS_REV/4-FullTextExtraction/PDFs_step4/10.3389_frai.2026.1807209.pdf,cached,93389,17,False,cached,
10.3390/a19040279,10_3390_a19040279,/home/lpapp/IEEE_SYS_REV/4-FullTextExtraction/extract_v1/PDFs_step4_text/10_3390_a19040279.txt,/home/lpapp/IEEE_SYS_REV/4-FullTextExtraction/PDFs_step4/10.3390_a19040279.pdf,layout,120857,25,False,ok,
10.3390/ai6020036,10_3390_ai6020036,/home/lpapp/IEEE_SYS_REV/4-FullTextExtraction/extract_v1/PDFs_step4_text/10_3390_ai6020036.txt,/home/lpapp/IEEE_SYS_REV/4-FullTextExtraction/PDFs_step4/10.3390_ai6020036.pdf,cached,112085,28,False,cached,
10.3390/app13064009,10_3390_app13064009,/home/lpapp/IEEE_SYS_REV/4-FullTextExtraction/extract_v1/PDFs_step4_text/10_3390_app13064009.txt,/home/lpapp/IEEE_SYS_REV/4-FullTextExtraction/PDFs_step4/10.3390_app13064009.pdf,layout,142545,15,False,ok,
10.3390/bdcc10010012,10_3390_bdcc10010012,/home/lpapp/IEEE_SYS_REV/4-FullTextExtraction/extract_v1/PDFs_step4_text/10_3390_bdcc10010012.txt,/home/lpapp/IEEE_SYS_REV/4-FullTextExtraction/PDFs_step4/10.3390_bdcc10010012.pdf,layout,117174,26,False,ok,
10.3390/bioengineering11080799,10_3390_bioengineering11080799,/home/lpapp/IEEE_SYS_REV/4-FullTextExtraction/extract_v1/PDFs_step4_text/10_3390_bioengineering11080799.txt,/home/lpapp/IEEE_SYS_REV/4-FullTextExtraction/PDFs_step4/10.3390_bioengineering11080799.pdf,cached,306518,20,False,cached,
10.3390/bioengineering12040326,10_3390_bioengineering12040326,/home/lpapp/IEEE_SYS_REV/4-FullTextExtraction/extract_v1/PDFs_step4_text/10_3390_bioengineering12040326.txt,/home/lpapp/IEEE_SYS_REV/4-FullTextExtraction/PDFs_step4/10.3390_bioengineering12040326.pdf,cached,135586,31,False,cached,
10.3390/biom12111576,10_3390_biom12111576,/home/lpapp/IEEE_SYS_REV/4-FullTextExtraction/extract_v1/PDFs_step4_text/10_3390_biom12111576.txt,/home/lpapp/IEEE_SYS_REV/4-FullTextExtraction/PDFs_step4/10.3390_biom12111576.pdf,cached,86160,18,False,cached,
10.3390/biomedinformatics5030051,10_3390_biomedinformatics5030051,/home/lpapp/IEEE_SYS_REV/4-FullTextExtraction/extract_v1/PDFs_step4_text/10_3390_biomedinformatics5030051.txt,/home/lpapp/IEEE_SYS_REV/4-FullTextExtraction/PDFs_step4/10.3390_biomedinformatics5030051.pdf,cached,104362,25,False,cached,
10.3390/brainsci14040401,10_3390_brainsci14040401,/home/lpapp/IEEE_SYS_REV/4-FullTextExtraction/extract_v1/PDFs_step4_text/10_3390_brainsci14040401.txt,/home/lpapp/IEEE_SYS_REV/4-FullTextExtraction/PDFs_step4/10.3390_brainsci14040401.pdf,cached,141907,13,False,cached,
10.3390/computation13120278,10_3390_computation13120278,/home/lpapp/IEEE_SYS_REV/4-FullTextExtraction/extract_v1/PDFs_step4_text/10_3390_computation13120278.txt,/home/lpapp/IEEE_SYS_REV/4-FullTextExtraction/PDFs_step4/10.3390_computation13120278.pdf,cached,84434,20,False,cached,
10.3390/diagnostics14050558,10_3390_diagnostics14050558,/home/lpapp/IEEE_SYS_REV/4-FullTextExtraction/extract_v1/PDFs_step4_text/10_3390_diagnostics14050558.txt,/home/lpapp/IEEE_SYS_REV/4-FullTextExtraction/PDFs_step4/10.3390_diagnostics14050558.pdf,cached,89957,16,False,cached,
10.3390/electronics11050721,10_3390_electronics11050721,/home/lpapp/IEEE_SYS_REV/4-FullTextExtraction/extract_v1/PDFs_step4_text/10_3390_electronics11050721.txt,/home/lpapp/IEEE_SYS_REV/4-FullTextExtraction/PDFs_step4/10.3390_electronics11050721.pdf,cached,175170,19,False,cached,
10.3390/jimaging9070128,10_3390_jimaging9070128,/home/lpapp/IEEE_SYS_REV/4-FullTextExtraction/extract_v1/PDFs_step4_text/10_3390_jimaging9070128.txt,/home/lpapp/IEEE_SYS_REV/4-FullTextExtraction/PDFs_step4/10.3390_jimaging9070128.pdf,cached,166729,20,False,cached,
10.3390/jimaging9100221,10_3390_jimaging9100221,/home/lpapp/IEEE_SYS_REV/4-FullTextExtraction/extract_v1/PDFs_step4_text/10_3390_jimaging9100221.txt,/home/lpapp/IEEE_SYS_REV/4-FullTextExtraction/PDFs_step4/10.3390_jimaging9100221.pdf,cached,97793,22,False,cached,
10.3390/life15071124,10_3390_life15071124,/home/lpapp/IEEE_SYS_REV/4-FullTextExtraction/extract_v1/PDFs_step4_text/10_3390_life15071124.txt,/home/lpapp/IEEE_SYS_REV/4-FullTextExtraction/PDFs_step4/10.3390_life15071124.pdf,cached,106798,23,False,cached,
10.3390/medsci12040067,10_3390_medsci12040067,/home/lpapp/IEEE_SYS_REV/4-FullTextExtraction/extract_v1/PDFs_step4_text/10_3390_medsci12040067.txt,/home/lpapp/IEEE_SYS_REV/4-FullTextExtraction/PDFs_step4/10.3390_medsci12040067.pdf,cached,115881,16,False,cached,
10.3934/math.2025499,10_3934_math_2025499,/home/lpapp/IEEE_SYS_REV/4-FullTextExtraction/extract_v1/PDFs_step4_text/10_3934_math_2025499.txt,/home/lpapp/IEEE_SYS_REV/4-FullTextExtraction/PDFs_step4/10.3934_math.2025499.pdf,cached,132582,42,False,cached,
10.4018/ijehmc.321149,10_4018_ijehmc_321149,/home/lpapp/IEEE_SYS_REV/4-FullTextExtraction/extract_v1/PDFs_step4_text/10_4018_ijehmc_321149.txt,/home/lpapp/IEEE_SYS_REV/4-FullTextExtraction/PDFs_step4/10.4018_ijehmc.321149.pdf,cached,47690,16,False,cached,
10.56042/jsir.v84i1.14112,10_56042_jsir_v84i1_14112,/home/lpapp/IEEE_SYS_REV/4-FullTextExtraction/extract_v1/PDFs_step4_text/10_56042_jsir_v84i1_14112.txt,/home/lpapp/IEEE_SYS_REV/4-FullTextExtraction/PDFs_step4/10.56042_jsir.v84i1.14112.pdf,cached,54199,12,False,cached,
10.5604/01.3001.0054.9079,10_5604_01_3001_0054_9079,/home/lpapp/IEEE_SYS_REV/4-FullTextExtraction/extract_v1/PDFs_step4_text/10_5604_01_3001_0054_9079.txt,/home/lpapp/IEEE_SYS_REV/4-FullTextExtraction/PDFs_step4/10.5604_01.3001.0054.9079.pdf,layout,51785,8,False,ok,
10.62347/wohq8174,10_62347_wohq8174,/home/lpapp/IEEE_SYS_REV/4-FullTextExtraction/extract_v1/PDFs_step4_text/10_62347_wohq8174.txt,/home/lpapp/IEEE_SYS_REV/4-FullTextExtraction/PDFs_step4/10.62347_wohq8174.pdf,cached,46991,11,False,cached,
10.7717/peerj-cs.3387,10_7717_peerj_cs_3387,/home/lpapp/IEEE_SYS_REV/4-FullTextExtraction/extract_v1/PDFs_step4_text/10_7717_peerj_cs_3387.txt,/home/lpapp/IEEE_SYS_REV/4-FullTextExtraction/PDFs_step4/10.7717_peerj-cs.3387.pdf,layout,116238,30,False,ok,
10.7759/cureus.67486,10_7759_cureus_67486,/home/lpapp/IEEE_SYS_REV/4-FullTextExtraction/extract_v1/PDFs_step4_text/10_7759_cureus_67486.txt,/home/lpapp/IEEE_SYS_REV/4-FullTextExtraction/PDFs_step4/10.7759_cureus.67486.pdf,cached,83966,11,False,cached,
