doi,stable_name,image_dir,page_count,total_bytes,delimiter,status,notes
10.1002/ima.23015,10_1002_ima_23015,/home/lpapp/IEEE_SYS_REV/4-FullTextExtraction/extract_v1/PDFs_step4_images/10_1002_ima_23015,17,6633997,form_feed,ok,
10.1002/jemt.24054,10_1002_jemt_24054,/home/lpapp/IEEE_SYS_REV/4-FullTextExtraction/extract_v1/PDFs_step4_images/10_1002_jemt_24054,11,4204283,form_feed,ok,
10.1007/s00259-023-06362-6,10_1007_s00259_023_06362_6,/home/lpapp/IEEE_SYS_REV/4-FullTextExtraction/extract_v1/PDFs_step4_images/10_1007_s00259_023_06362_6,12,5759094,form_feed,ok,
10.1007/s00521-022-07388-x,10_1007_s00521_022_07388_x,/home/lpapp/IEEE_SYS_REV/4-FullTextExtraction/extract_v1/PDFs_step4_images/10_1007_s00521_022_07388_x,14,4742945,form_feed,ok,
10.1007/s00521-023-08566-1,10_1007_s00521_023_08566_1,/home/lpapp/IEEE_SYS_REV/4-FullTextExtraction/extract_v1/PDFs_step4_images/10_1007_s00521_023_08566_1,8,3512258,form_feed,ok,
10.1007/s00521-023-08717-4,10_1007_s00521_023_08717_4,/home/lpapp/IEEE_SYS_REV/4-FullTextExtraction/extract_v1/PDFs_step4_images/10_1007_s00521_023_08717_4,17,5971276,form_feed,ok,
10.1007/s00521-023-09207-3,10_1007_s00521_023_09207_3,/home/lpapp/IEEE_SYS_REV/4-FullTextExtraction/extract_v1/PDFs_step4_images/10_1007_s00521_023_09207_3,14,4882630,form_feed,ok,
10.1007/s10278-023-00886-x,10_1007_s10278_023_00886_x,/home/lpapp/IEEE_SYS_REV/4-FullTextExtraction/extract_v1/PDFs_step4_images/10_1007_s10278_023_00886_x,12,5414621,form_feed,ok,
10.1007/s10278-025-01630-3,10_1007_s10278_025_01630_3,/home/lpapp/IEEE_SYS_REV/4-FullTextExtraction/extract_v1/PDFs_step4_images/10_1007_s10278_025_01630_3,21,8319530,form_feed,ok,
10.1007/s10462-024-10932-x,10_1007_s10462_024_10932_x,/home/lpapp/IEEE_SYS_REV/4-FullTextExtraction/extract_v1/PDFs_step4_images/10_1007_s10462_024_10932_x,52,14049831,form_feed,ok,
10.1007/s10586-024-04852-2,10_1007_s10586_024_04852_2,/home/lpapp/IEEE_SYS_REV/4-FullTextExtraction/extract_v1/PDFs_step4_images/10_1007_s10586_024_04852_2,13,4759368,form_feed,ok,
10.1007/s10791-025-09634-x,10_1007_s10791_025_09634_x,/home/lpapp/IEEE_SYS_REV/4-FullTextExtraction/extract_v1/PDFs_step4_images/10_1007_s10791_025_09634_x,18,6215564,form_feed,ok,
10.1007/s10791-025-09791-z,10_1007_s10791_025_09791_z,/home/lpapp/IEEE_SYS_REV/4-FullTextExtraction/extract_v1/PDFs_step4_images/10_1007_s10791_025_09791_z,32,9447370,form_feed,ok,
10.1007/s11128-024-04369-y,10_1007_s11128_024_04369_y,/home/lpapp/IEEE_SYS_REV/4-FullTextExtraction/extract_v1/PDFs_step4_images/10_1007_s11128_024_04369_y,17,3975720,form_feed,ok,
10.1007/s11128-025-04955-8,10_1007_s11128_025_04955_8,/home/lpapp/IEEE_SYS_REV/4-FullTextExtraction/extract_v1/PDFs_step4_images/10_1007_s11128_025_04955_8,23,5889014,form_feed,ok,
10.1007/s11128-026-05144-x,10_1007_s11128_026_05144_x,/home/lpapp/IEEE_SYS_REV/4-FullTextExtraction/extract_v1/PDFs_step4_images/10_1007_s11128_026_05144_x,35,10042149,form_feed,ok,
10.1007/s11227-024-06740-3,10_1007_s11227_024_06740_3,/home/lpapp/IEEE_SYS_REV/4-FullTextExtraction/extract_v1/PDFs_step4_images/10_1007_s11227_024_06740_3,32,7448760,form_feed,ok,
10.1007/s11227-025-07266-y,10_1007_s11227_025_07266_y,/home/lpapp/IEEE_SYS_REV/4-FullTextExtraction/extract_v1/PDFs_step4_images/10_1007_s11227_025_07266_y,30,7145563,form_feed,ok,
10.1007/s11227-025-07789-4,10_1007_s11227_025_07789_4,/home/lpapp/IEEE_SYS_REV/4-FullTextExtraction/extract_v1/PDFs_step4_images/10_1007_s11227_025_07789_4,52,12904676,form_feed,ok,
10.1007/s11227-025-07939-8,10_1007_s11227_025_07939_8,/home/lpapp/IEEE_SYS_REV/4-FullTextExtraction/extract_v1/PDFs_step4_images/10_1007_s11227_025_07939_8,28,6810856,form_feed,ok,
10.1007/s11227-025-07963-8,10_1007_s11227_025_07963_8,/home/lpapp/IEEE_SYS_REV/4-FullTextExtraction/extract_v1/PDFs_step4_images/10_1007_s11227_025_07963_8,16,3860221,form_feed,ok,
10.1007/s11265-025-01973-8,10_1007_s11265_025_01973_8,/home/lpapp/IEEE_SYS_REV/4-FullTextExtraction/extract_v1/PDFs_step4_images/10_1007_s11265_025_01973_8,22,8656632,form_feed,ok,
10.1007/s11307-025-01990-w,10_1007_s11307_025_01990_w,/home/lpapp/IEEE_SYS_REV/4-FullTextExtraction/extract_v1/PDFs_step4_images/10_1007_s11307_025_01990_w,11,4316549,form_feed,ok,
10.1007/s11467-024-1391-x,10_1007_s11467_024_1391_x,/home/lpapp/IEEE_SYS_REV/4-FullTextExtraction/extract_v1/PDFs_step4_images/10_1007_s11467_024_1391_x,13,6400713,form_feed,ok,
10.1007/s11760-023-02857-9,10_1007_s11760_023_02857_9,/home/lpapp/IEEE_SYS_REV/4-FullTextExtraction/extract_v1/PDFs_step4_images/10_1007_s11760_023_02857_9,17,8388408,form_feed,ok,
10.1007/s12065-024-00971-2,10_1007_s12065_024_00971_2,/home/lpapp/IEEE_SYS_REV/4-FullTextExtraction/extract_v1/PDFs_step4_images/10_1007_s12065_024_00971_2,32,7675861,form_feed,ok,
10.1007/s12559-021-09926-6,10_1007_s12559_021_09926_6,/home/lpapp/IEEE_SYS_REV/4-FullTextExtraction/extract_v1/PDFs_step4_images/10_1007_s12559_021_09926_6,12,4508431,form_feed,ok,
10.1007/s13369-021-06511-9,10_1007_s13369_021_06511_9,/home/lpapp/IEEE_SYS_REV/4-FullTextExtraction/extract_v1/PDFs_step4_images/10_1007_s13369_021_06511_9,12,5352941,form_feed,ok,
10.1007/s42452-025-06504-5,10_1007_s42452_025_06504_5,/home/lpapp/IEEE_SYS_REV/4-FullTextExtraction/extract_v1/PDFs_step4_images/10_1007_s42452_025_06504_5,23,8004036,form_feed,ok,
10.1007/s42484-022-00090-0,10_1007_s42484_022_00090_0,/home/lpapp/IEEE_SYS_REV/4-FullTextExtraction/extract_v1/PDFs_step4_images/10_1007_s42484_022_00090_0,11,4842469,form_feed,ok,
10.1007/s42484-024-00170-3,10_1007_s42484_024_00170_3,/home/lpapp/IEEE_SYS_REV/4-FullTextExtraction/extract_v1/PDFs_step4_images/10_1007_s42484_024_00170_3,18,7251703,form_feed,ok,
10.1007/s42484-024-00171-2,10_1007_s42484_024_00171_2,/home/lpapp/IEEE_SYS_REV/4-FullTextExtraction/extract_v1/PDFs_step4_images/10_1007_s42484_024_00171_2,12,4630810,form_feed,ok,
10.1007/s42484-025-00288-y,10_1007_s42484_025_00288_y,/home/lpapp/IEEE_SYS_REV/4-FullTextExtraction/extract_v1/PDFs_step4_images/10_1007_s42484_025_00288_y,28,10250330,form_feed,ok,
10.1007/s42484-025-00315-y,10_1007_s42484_025_00315_y,/home/lpapp/IEEE_SYS_REV/4-FullTextExtraction/extract_v1/PDFs_step4_images/10_1007_s42484_025_00315_y,25,9970493,form_feed,ok,
10.1007/s42484-026-00385-6,10_1007_s42484_026_00385_6,/home/lpapp/IEEE_SYS_REV/4-FullTextExtraction/extract_v1/PDFs_step4_images/10_1007_s42484_026_00385_6,18,8341668,form_feed,ok,
10.1007/s44196-025-00920-6,10_1007_s44196_025_00920_6,/home/lpapp/IEEE_SYS_REV/4-FullTextExtraction/extract_v1/PDFs_step4_images/10_1007_s44196_025_00920_6,21,8232939,form_feed,ok,
10.1007/s44443-025-00449-w,10_1007_s44443_025_00449_w,/home/lpapp/IEEE_SYS_REV/4-FullTextExtraction/extract_v1/PDFs_step4_images/10_1007_s44443_025_00449_w,20,7837918,form_feed,ok,
10.1016/j.acra.2026.01.034,10_1016_j_acra_2026_01_034,/home/lpapp/IEEE_SYS_REV/4-FullTextExtraction/extract_v1/PDFs_step4_images/10_1016_j_acra_2026_01_034,9,3981602,form_feed,ok,
10.1016/j.aej.2023.09.008,10_1016_j_aej_2023_09_008,/home/lpapp/IEEE_SYS_REV/4-FullTextExtraction/extract_v1/PDFs_step4_images/10_1016_j_aej_2023_09_008,9,3440772,form_feed,ok,
10.1016/j.aej.2025.12.007,10_1016_j_aej_2025_12_007,/home/lpapp/IEEE_SYS_REV/4-FullTextExtraction/extract_v1/PDFs_step4_images/10_1016_j_aej_2025_12_007,20,10730342,form_feed,ok,
10.1016/j.artmed.2025.103322,10_1016_j_artmed_2025_103322,/home/lpapp/IEEE_SYS_REV/4-FullTextExtraction/extract_v1/PDFs_step4_images/10_1016_j_artmed_2025_103322,28,14067055,form_feed,ok,
10.1016/j.asoc.2024.111781,10_1016_j_asoc_2024_111781,/home/lpapp/IEEE_SYS_REV/4-FullTextExtraction/extract_v1/PDFs_step4_images/10_1016_j_asoc_2024_111781,8,3564251,form_feed,ok,
10.1016/j.asoc.2025.113631,10_1016_j_asoc_2025_113631,/home/lpapp/IEEE_SYS_REV/4-FullTextExtraction/extract_v1/PDFs_step4_images/10_1016_j_asoc_2025_113631,25,11114808,form_feed,ok,
10.1016/j.bspc.2023.105560,10_1016_j_bspc_2023_105560,/home/lpapp/IEEE_SYS_REV/4-FullTextExtraction/extract_v1/PDFs_step4_images/10_1016_j_bspc_2023_105560,10,4064146,form_feed,ok,
10.1016/j.bspc.2026.110251,10_1016_j_bspc_2026_110251,/home/lpapp/IEEE_SYS_REV/4-FullTextExtraction/extract_v1/PDFs_step4_images/10_1016_j_bspc_2026_110251,18,7909616,form_feed,ok,
10.1016/j.cmpb.2026.109362,10_1016_j_cmpb_2026_109362,/home/lpapp/IEEE_SYS_REV/4-FullTextExtraction/extract_v1/PDFs_step4_images/10_1016_j_cmpb_2026_109362,31,11452806,form_feed,ok,
10.1016/j.compbiomed.2025.110941,10_1016_j_compbiomed_2025_110941,/home/lpapp/IEEE_SYS_REV/4-FullTextExtraction/extract_v1/PDFs_step4_images/10_1016_j_compbiomed_2025_110941,16,6524300,form_feed,ok,
10.1016/j.compbiomed.2026.111633,10_1016_j_compbiomed_2026_111633,/home/lpapp/IEEE_SYS_REV/4-FullTextExtraction/extract_v1/PDFs_step4_images/10_1016_j_compbiomed_2026_111633,14,6275700,form_feed,ok,
10.1016/j.eij.2026.100901,10_1016_j_eij_2026_100901,/home/lpapp/IEEE_SYS_REV/4-FullTextExtraction/extract_v1/PDFs_step4_images/10_1016_j_eij_2026_100901,17,7763356,form_feed,ok,
10.1016/j.ejca.2025.115632,10_1016_j_ejca_2025_115632,/home/lpapp/IEEE_SYS_REV/4-FullTextExtraction/extract_v1/PDFs_step4_images/10_1016_j_ejca_2025_115632,4,1833618,form_feed,ok,
10.1016/j.ejmp.2026.105780,10_1016_j_ejmp_2026_105780,/home/lpapp/IEEE_SYS_REV/4-FullTextExtraction/extract_v1/PDFs_step4_images/10_1016_j_ejmp_2026_105780,5,2345712,form_feed,ok,
10.1016/j.engappai.2025.111938,10_1016_j_engappai_2025_111938,/home/lpapp/IEEE_SYS_REV/4-FullTextExtraction/extract_v1/PDFs_step4_images/10_1016_j_engappai_2025_111938,18,7794608,form_feed,ok,
10.1016/j.ijrobp.2026.03.010,10_1016_j_ijrobp_2026_03_010,/home/lpapp/IEEE_SYS_REV/4-FullTextExtraction/extract_v1/PDFs_step4_images/10_1016_j_ijrobp_2026_03_010,11,5210046,form_feed,ok,
10.1016/j.inffus.2023.101913,10_1016_j_inffus_2023_101913,/home/lpapp/IEEE_SYS_REV/4-FullTextExtraction/extract_v1/PDFs_step4_images/10_1016_j_inffus_2023_101913,13,5019999,form_feed,ok,
10.1016/j.jestch.2025.102272,10_1016_j_jestch_2025_102272,/home/lpapp/IEEE_SYS_REV/4-FullTextExtraction/extract_v1/PDFs_step4_images/10_1016_j_jestch_2025_102272,18,9364851,form_feed,ok,
10.1016/j.jestch.2026.102386,10_1016_j_jestch_2026_102386,/home/lpapp/IEEE_SYS_REV/4-FullTextExtraction/extract_v1/PDFs_step4_images/10_1016_j_jestch_2026_102386,18,9771148,form_feed,ok,
10.1016/j.jrras.2026.102165,10_1016_j_jrras_2026_102165,/home/lpapp/IEEE_SYS_REV/4-FullTextExtraction/extract_v1/PDFs_step4_images/10_1016_j_jrras_2026_102165,10,4760997,form_feed,ok,
10.1016/j.knosys.2023.110413,10_1016_j_knosys_2023_110413,/home/lpapp/IEEE_SYS_REV/4-FullTextExtraction/extract_v1/PDFs_step4_images/10_1016_j_knosys_2023_110413,13,5692152,form_feed,ok,
10.1016/j.knosys.2024.112922,10_1016_j_knosys_2024_112922,/home/lpapp/IEEE_SYS_REV/4-FullTextExtraction/extract_v1/PDFs_step4_images/10_1016_j_knosys_2024_112922,20,7407915,form_feed,ok,
10.1016/j.mex.2025.103185,10_1016_j_mex_2025_103185,/home/lpapp/IEEE_SYS_REV/4-FullTextExtraction/extract_v1/PDFs_step4_images/10_1016_j_mex_2025_103185,13,4553675,form_feed,ok,
10.1016/j.mex.2025.103605,10_1016_j_mex_2025_103605,/home/lpapp/IEEE_SYS_REV/4-FullTextExtraction/extract_v1/PDFs_step4_images/10_1016_j_mex_2025_103605,16,5416736,form_feed,ok,
10.1016/j.neucom.2023.01.049,10_1016_j_neucom_2023_01_049,/home/lpapp/IEEE_SYS_REV/4-FullTextExtraction/extract_v1/PDFs_step4_images/10_1016_j_neucom_2023_01_049,12,5961286,form_feed,ok,
10.1016/j.neucom.2025.131410,10_1016_j_neucom_2025_131410,/home/lpapp/IEEE_SYS_REV/4-FullTextExtraction/extract_v1/PDFs_step4_images/10_1016_j_neucom_2025_131410,12,5675516,form_feed,ok,
10.1016/j.patter.2025.101236,10_1016_j_patter_2025_101236,/home/lpapp/IEEE_SYS_REV/4-FullTextExtraction/extract_v1/PDFs_step4_images/10_1016_j_patter_2025_101236,15,8103143,form_feed,ok,
10.1016/j.radphyschem.2025.113545,10_1016_j_radphyschem_2025_113545,/home/lpapp/IEEE_SYS_REV/4-FullTextExtraction/extract_v1/PDFs_step4_images/10_1016_j_radphyschem_2025_113545,8,3825625,form_feed,ok,
10.1016/j.softx.2026.102621,10_1016_j_softx_2026_102621,/home/lpapp/IEEE_SYS_REV/4-FullTextExtraction/extract_v1/PDFs_step4_images/10_1016_j_softx_2026_102621,9,4272767,form_feed,ok,
10.1038/s41467-021-22907-5,10_1038_s41467_021_22907_5,/home/lpapp/IEEE_SYS_REV/4-FullTextExtraction/extract_v1/PDFs_step4_images/10_1038_s41467_021_22907_5,9,4329906,form_feed,ok,
10.1038/s41585-025-01058-y,10_1038_s41585_025_01058_y,/home/lpapp/IEEE_SYS_REV/4-FullTextExtraction/extract_v1/PDFs_step4_images/10_1038_s41585_025_01058_y,2,1261417,form_feed,ok,
10.1038/s41598-022-25280-5,10_1038_s41598_022_25280_5,/home/lpapp/IEEE_SYS_REV/4-FullTextExtraction/extract_v1/PDFs_step4_images/10_1038_s41598_022_25280_5,9,3536534,form_feed,ok,
10.1038/s41598-023-41700-6,10_1038_s41598_023_41700_6,/home/lpapp/IEEE_SYS_REV/4-FullTextExtraction/extract_v1/PDFs_step4_images/10_1038_s41598_023_41700_6,10,3555130,form_feed,ok,
10.1038/s41598-024-60472-1,10_1038_s41598_024_60472_1,/home/lpapp/IEEE_SYS_REV/4-FullTextExtraction/extract_v1/PDFs_step4_images/10_1038_s41598_024_60472_1,8,3263781,form_feed,ok,
10.1038/s41598-024-61452-1,10_1038_s41598_024_61452_1,/home/lpapp/IEEE_SYS_REV/4-FullTextExtraction/extract_v1/PDFs_step4_images/10_1038_s41598_024_61452_1,10,3864646,form_feed,ok,
10.1038/s41598-025-08453-w,10_1038_s41598_025_08453_w,/home/lpapp/IEEE_SYS_REV/4-FullTextExtraction/extract_v1/PDFs_step4_images/10_1038_s41598_025_08453_w,13,4618286,form_feed,ok,
10.1038/s41598-025-14611-x,10_1038_s41598_025_14611_x,/home/lpapp/IEEE_SYS_REV/4-FullTextExtraction/extract_v1/PDFs_step4_images/10_1038_s41598_025_14611_x,10,4479996,form_feed,ok,
10.1038/s41598-025-17075-1,10_1038_s41598_025_17075_1,/home/lpapp/IEEE_SYS_REV/4-FullTextExtraction/extract_v1/PDFs_step4_images/10_1038_s41598_025_17075_1,13,5194776,form_feed,ok,
10.1038/s41598-025-24168-4,10_1038_s41598_025_24168_4,/home/lpapp/IEEE_SYS_REV/4-FullTextExtraction/extract_v1/PDFs_step4_images/10_1038_s41598_025_24168_4,35,9887193,form_feed,ok,
10.1038/s41598-025-31122-x,10_1038_s41598_025_31122_x,/home/lpapp/IEEE_SYS_REV/4-FullTextExtraction/extract_v1/PDFs_step4_images/10_1038_s41598_025_31122_x,33,10468347,form_feed,ok,
10.1038/s41598-025-32951-6,10_1038_s41598_025_32951_6,/home/lpapp/IEEE_SYS_REV/4-FullTextExtraction/extract_v1/PDFs_step4_images/10_1038_s41598_025_32951_6,13,5705813,form_feed,ok,
10.1038/s41598-025-93552-x,10_1038_s41598_025_93552_x,/home/lpapp/IEEE_SYS_REV/4-FullTextExtraction/extract_v1/PDFs_step4_images/10_1038_s41598_025_93552_x,16,5240349,form_feed,ok,
10.1038/s41598-026-35540-3,10_1038_s41598_026_35540_3,/home/lpapp/IEEE_SYS_REV/4-FullTextExtraction/extract_v1/PDFs_step4_images/10_1038_s41598_026_35540_3,36,12207322,form_feed,ok,
10.1038/s41598-026-35605-3,10_1038_s41598_026_35605_3,/home/lpapp/IEEE_SYS_REV/4-FullTextExtraction/extract_v1/PDFs_step4_images/10_1038_s41598_026_35605_3,17,7438811,form_feed,ok,
10.1038/s41598-026-35951-2,10_1038_s41598_026_35951_2,/home/lpapp/IEEE_SYS_REV/4-FullTextExtraction/extract_v1/PDFs_step4_images/10_1038_s41598_026_35951_2,22,7494061,form_feed,ok,
10.1038/s41598-026-38063-z,10_1038_s41598_026_38063_z,/home/lpapp/IEEE_SYS_REV/4-FullTextExtraction/extract_v1/PDFs_step4_images/10_1038_s41598_026_38063_z,14,6120186,form_feed,ok,
10.1038/s41598-026-40127-z,10_1038_s41598_026_40127_z,/home/lpapp/IEEE_SYS_REV/4-FullTextExtraction/extract_v1/PDFs_step4_images/10_1038_s41598_026_40127_z,20,7645755,form_feed,ok,
10.1038/s41598-026-42047-4,10_1038_s41598_026_42047_4,/home/lpapp/IEEE_SYS_REV/4-FullTextExtraction/extract_v1/PDFs_step4_images/10_1038_s41598_026_42047_4,23,10644959,form_feed,ok,
10.1038/s41598-026-49227-2,10_1038_s41598_026_49227_2,/home/lpapp/IEEE_SYS_REV/4-FullTextExtraction/extract_v1/PDFs_step4_images/10_1038_s41598_026_49227_2,36,11234521,form_feed,ok,
10.1038/s41598-026-51130-9,10_1038_s41598_026_51130_9,/home/lpapp/IEEE_SYS_REV/4-FullTextExtraction/extract_v1/PDFs_step4_images/10_1038_s41598_026_51130_9,30,8291928,form_feed,ok,
10.1038/s41598-026-51942-9,10_1038_s41598_026_51942_9,/home/lpapp/IEEE_SYS_REV/4-FullTextExtraction/extract_v1/PDFs_step4_images/10_1038_s41598_026_51942_9,71,25400913,form_feed,ok,
10.1038/s43588-022-00351-9,10_1038_s43588_022_00351_9,/home/lpapp/IEEE_SYS_REV/4-FullTextExtraction/extract_v1/PDFs_step4_images/10_1038_s43588_022_00351_9,7,4311015,form_feed,ok,
10.1049/qtc2.12078,10_1049_qtc2_12078,/home/lpapp/IEEE_SYS_REV/4-FullTextExtraction/extract_v1/PDFs_step4_images/10_1049_qtc2_12078,17,6311249,form_feed,ok,
10.1049/qtc2.70010,10_1049_qtc2_70010,/home/lpapp/IEEE_SYS_REV/4-FullTextExtraction/extract_v1/PDFs_step4_images/10_1049_qtc2_70010,19,8348891,form_feed,ok,
10.1063/5.0261878,10_1063_5_0261878,/home/lpapp/IEEE_SYS_REV/4-FullTextExtraction/extract_v1/PDFs_step4_images/10_1063_5_0261878,9,3791865,form_feed,ok,
10.1080/00207454.2026.2656322,10_1080_00207454_2026_2656322,/home/lpapp/IEEE_SYS_REV/4-FullTextExtraction/extract_v1/PDFs_step4_images/10_1080_00207454_2026_2656322,21,8199412,form_feed,ok,
10.1088/1361-6560/ae48aa,10_1088_1361_6560_ae48aa,/home/lpapp/IEEE_SYS_REV/4-FullTextExtraction/extract_v1/PDFs_step4_images/10_1088_1361_6560_ae48aa,16,7224282,form_feed,ok,
10.1088/1402-4896/ae20d5,10_1088_1402_4896_ae20d5,/home/lpapp/IEEE_SYS_REV/4-FullTextExtraction/extract_v1/PDFs_step4_images/10_1088_1402_4896_ae20d5,21,7636663,form_feed,ok,
10.1088/1748-0221/18/07/p07007,10_1088_1748_0221_18_07_p07007,/home/lpapp/IEEE_SYS_REV/4-FullTextExtraction/extract_v1/PDFs_step4_images/10_1088_1748_0221_18_07_p07007,21,6068375,form_feed,ok,
10.1088/2058-9565/acfc61,10_1088_2058_9565_acfc61,/home/lpapp/IEEE_SYS_REV/4-FullTextExtraction/extract_v1/PDFs_step4_images/10_1088_2058_9565_acfc61,16,6010116,form_feed,ok,
10.1088/2058-9565/adbcd1,10_1088_2058_9565_adbcd1,/home/lpapp/IEEE_SYS_REV/4-FullTextExtraction/extract_v1/PDFs_step4_images/10_1088_2058_9565_adbcd1,26,8949823,form_feed,ok,
10.1088/2058-9565/ae24a8,10_1088_2058_9565_ae24a8,/home/lpapp/IEEE_SYS_REV/4-FullTextExtraction/extract_v1/PDFs_step4_images/10_1088_2058_9565_ae24a8,19,7484500,form_feed,ok,
10.1088/2632-2153/acffa3,10_1088_2632_2153_acffa3,/home/lpapp/IEEE_SYS_REV/4-FullTextExtraction/extract_v1/PDFs_step4_images/10_1088_2632_2153_acffa3,21,7859945,form_feed,ok,
10.1088/2632-2153/ad2aef,10_1088_2632_2153_ad2aef,/home/lpapp/IEEE_SYS_REV/4-FullTextExtraction/extract_v1/PDFs_step4_images/10_1088_2632_2153_ad2aef,13,6140656,form_feed,ok,
10.1088/2632-2153/ad8c11,10_1088_2632_2153_ad8c11,/home/lpapp/IEEE_SYS_REV/4-FullTextExtraction/extract_v1/PDFs_step4_images/10_1088_2632_2153_ad8c11,19,7966274,form_feed,ok,
10.1088/2632-2153/add1a9,10_1088_2632_2153_add1a9,/home/lpapp/IEEE_SYS_REV/4-FullTextExtraction/extract_v1/PDFs_step4_images/10_1088_2632_2153_add1a9,19,8707836,form_feed,ok,
10.1093/jcde/qwac003,10_1093_jcde_qwac003,/home/lpapp/IEEE_SYS_REV/4-FullTextExtraction/extract_v1/PDFs_step4_images/10_1093_jcde_qwac003,21,8213588,form_feed,ok,
10.1103/physreva.110.063512,10_1103_physreva_110_063512,/home/lpapp/IEEE_SYS_REV/4-FullTextExtraction/extract_v1/PDFs_step4_images/10_1103_physreva_110_063512,10,5327266,form_feed,ok,
10.1103/physrevresearch.6.l042060,10_1103_physrevresearch_6_l042060,/home/lpapp/IEEE_SYS_REV/4-FullTextExtraction/extract_v1/PDFs_step4_images/10_1103_physrevresearch_6_l042060,8,3717680,form_feed,ok,
10.1109/access.2022.3195044,10_1109_access_2022_3195044,/home/lpapp/IEEE_SYS_REV/4-FullTextExtraction/extract_v1/PDFs_step4_images/10_1109_access_2022_3195044,22,9990064,form_feed,ok,
10.1109/access.2024.3360139,10_1109_access_2024_3360139,/home/lpapp/IEEE_SYS_REV/4-FullTextExtraction/extract_v1/PDFs_step4_images/10_1109_access_2024_3360139,20,10509578,form_feed,ok,
10.1109/access.2024.3434681,10_1109_access_2024_3434681,/home/lpapp/IEEE_SYS_REV/4-FullTextExtraction/extract_v1/PDFs_step4_images/10_1109_access_2024_3434681,17,7160998,form_feed,ok,
10.1109/access.2025.3531407,10_1109_access_2025_3531407,/home/lpapp/IEEE_SYS_REV/4-FullTextExtraction/extract_v1/PDFs_step4_images/10_1109_access_2025_3531407,21,10959949,form_feed,ok,
10.1109/access.2025.3542807,10_1109_access_2025_3542807,/home/lpapp/IEEE_SYS_REV/4-FullTextExtraction/extract_v1/PDFs_step4_images/10_1109_access_2025_3542807,20,9072106,form_feed,ok,
10.1109/access.2025.3581030,10_1109_access_2025_3581030,/home/lpapp/IEEE_SYS_REV/4-FullTextExtraction/extract_v1/PDFs_step4_images/10_1109_access_2025_3581030,11,5336195,form_feed,ok,
10.1109/access.2025.3599679,10_1109_access_2025_3599679,/home/lpapp/IEEE_SYS_REV/4-FullTextExtraction/extract_v1/PDFs_step4_images/10_1109_access_2025_3599679,11,4786541,form_feed,ok,
10.1109/access.2025.3608217,10_1109_access_2025_3608217,/home/lpapp/IEEE_SYS_REV/4-FullTextExtraction/extract_v1/PDFs_step4_images/10_1109_access_2025_3608217,13,5732218,form_feed,ok,
10.1109/access.2025.3625205,10_1109_access_2025_3625205,/home/lpapp/IEEE_SYS_REV/4-FullTextExtraction/extract_v1/PDFs_step4_images/10_1109_access_2025_3625205,20,8730594,form_feed,ok,
10.1109/access.2025.3627877,10_1109_access_2025_3627877,/home/lpapp/IEEE_SYS_REV/4-FullTextExtraction/extract_v1/PDFs_step4_images/10_1109_access_2025_3627877,17,8022981,form_feed,ok,
10.1109/access.2025.3638383,10_1109_access_2025_3638383,/home/lpapp/IEEE_SYS_REV/4-FullTextExtraction/extract_v1/PDFs_step4_images/10_1109_access_2025_3638383,21,9606309,form_feed,ok,
10.1109/access.2025.3639179,10_1109_access_2025_3639179,/home/lpapp/IEEE_SYS_REV/4-FullTextExtraction/extract_v1/PDFs_step4_images/10_1109_access_2025_3639179,17,7551778,form_feed,ok,
10.1109/access.2026.3663498,10_1109_access_2026_3663498,/home/lpapp/IEEE_SYS_REV/4-FullTextExtraction/extract_v1/PDFs_step4_images/10_1109_access_2026_3663498,43,22648403,form_feed,ok,
10.1109/access.2026.3669206,10_1109_access_2026_3669206,/home/lpapp/IEEE_SYS_REV/4-FullTextExtraction/extract_v1/PDFs_step4_images/10_1109_access_2026_3669206,14,6518168,form_feed,ok,
10.1109/access.2026.3677204,10_1109_access_2026_3677204,/home/lpapp/IEEE_SYS_REV/4-FullTextExtraction/extract_v1/PDFs_step4_images/10_1109_access_2026_3677204,15,6758099,form_feed,ok,
10.1109/access.2026.3683415,10_1109_access_2026_3683415,/home/lpapp/IEEE_SYS_REV/4-FullTextExtraction/extract_v1/PDFs_step4_images/10_1109_access_2026_3683415,21,9965173,form_feed,ok,
10.1109/access.2026.3686925,10_1109_access_2026_3686925,/home/lpapp/IEEE_SYS_REV/4-FullTextExtraction/extract_v1/PDFs_step4_images/10_1109_access_2026_3686925,21,7524634,form_feed,ok,
10.1109/jbhi.2025.3596156,10_1109_jbhi_2025_3596156,/home/lpapp/IEEE_SYS_REV/4-FullTextExtraction/extract_v1/PDFs_step4_images/10_1109_jbhi_2025_3596156,15,8340953,form_feed,ok,
10.1109/jbhi.2025.3610855,10_1109_jbhi_2025_3610855,/home/lpapp/IEEE_SYS_REV/4-FullTextExtraction/extract_v1/PDFs_step4_images/10_1109_jbhi_2025_3610855,14,7244583,form_feed,ok,
10.1109/jiot.2025.3537614,10_1109_jiot_2025_3537614,/home/lpapp/IEEE_SYS_REV/4-FullTextExtraction/extract_v1/PDFs_step4_images/10_1109_jiot_2025_3537614,13,6372688,form_feed,ok,
10.1109/jiot.2025.3586090,10_1109_jiot_2025_3586090,/home/lpapp/IEEE_SYS_REV/4-FullTextExtraction/extract_v1/PDFs_step4_images/10_1109_jiot_2025_3586090,10,4712850,form_feed,ok,
10.1109/tce.2024.3351649,10_1109_tce_2024_3351649,/home/lpapp/IEEE_SYS_REV/4-FullTextExtraction/extract_v1/PDFs_step4_images/10_1109_tce_2024_3351649,10,5644240,form_feed,ok,
10.1109/tce.2025.3548303,10_1109_tce_2025_3548303,/home/lpapp/IEEE_SYS_REV/4-FullTextExtraction/extract_v1/PDFs_step4_images/10_1109_tce_2025_3548303,15,8283170,form_feed,ok,
10.1109/tim.2025.3533651,10_1109_tim_2025_3533651,/home/lpapp/IEEE_SYS_REV/4-FullTextExtraction/extract_v1/PDFs_step4_images/10_1109_tim_2025_3533651,8,4113795,form_feed,ok,
10.1109/tns.2022.3140396,10_1109_tns_2022_3140396,/home/lpapp/IEEE_SYS_REV/4-FullTextExtraction/extract_v1/PDFs_step4_images/10_1109_tns_2022_3140396,8,3877424,form_feed,ok,
10.1109/tns.2024.3369972,10_1109_tns_2024_3369972,/home/lpapp/IEEE_SYS_REV/4-FullTextExtraction/extract_v1/PDFs_step4_images/10_1109_tns_2024_3369972,11,6196048,form_feed,ok,
10.1109/tnsre.2024.3385336,10_1109_tnsre_2024_3385336,/home/lpapp/IEEE_SYS_REV/4-FullTextExtraction/extract_v1/PDFs_step4_images/10_1109_tnsre_2024_3385336,10,5963914,form_feed,ok,
10.1109/tqe.2025.3618295,10_1109_tqe_2025_3618295,/home/lpapp/IEEE_SYS_REV/4-FullTextExtraction/extract_v1/PDFs_step4_images/10_1109_tqe_2025_3618295,11,5620909,form_feed,ok,
10.1109/tqe.2026.3681530,10_1109_tqe_2026_3681530,/home/lpapp/IEEE_SYS_REV/4-FullTextExtraction/extract_v1/PDFs_step4_images/10_1109_tqe_2026_3681530,14,4739993,form_feed,ok,
10.1109/trpms.2024.3388872,10_1109_trpms_2024_3388872,/home/lpapp/IEEE_SYS_REV/4-FullTextExtraction/extract_v1/PDFs_step4_images/10_1109_trpms_2024_3388872,10,5569250,form_feed,ok,
10.1117/12.3085665,10_1117_12_3085665,/home/lpapp/IEEE_SYS_REV/4-FullTextExtraction/extract_v1/PDFs_step4_images/10_1117_12_3085665,8,3190681,form_feed,ok,
10.1140/epjp/s13360-025-06587-4,10_1140_epjp_s13360_025_06587_4,/home/lpapp/IEEE_SYS_REV/4-FullTextExtraction/extract_v1/PDFs_step4_images/10_1140_epjp_s13360_025_06587_4,26,10857853,form_feed,ok,
10.1140/epjp/s13360-025-07148-5,10_1140_epjp_s13360_025_07148_5,/home/lpapp/IEEE_SYS_REV/4-FullTextExtraction/extract_v1/PDFs_step4_images/10_1140_epjp_s13360_025_07148_5,14,5436570,form_feed,ok,
10.1140/epjqt/s40507-026-00500-3,10_1140_epjqt_s40507_026_00500_3,/home/lpapp/IEEE_SYS_REV/4-FullTextExtraction/extract_v1/PDFs_step4_images/10_1140_epjqt_s40507_026_00500_3,28,8686856,form_feed,ok,
10.1142/s1469026825500105,10_1142_s1469026825500105,/home/lpapp/IEEE_SYS_REV/4-FullTextExtraction/extract_v1/PDFs_step4_images/10_1142_s1469026825500105,34,9027633,form_feed,ok,
10.1155/2022/3236305,10_1155_2022_3236305,/home/lpapp/IEEE_SYS_REV/4-FullTextExtraction/extract_v1/PDFs_step4_images/10_1155_2022_3236305,13,5587655,form_feed,ok,
10.1155/acis/1176614,10_1155_acis_1176614,/home/lpapp/IEEE_SYS_REV/4-FullTextExtraction/extract_v1/PDFs_step4_images/10_1155_acis_1176614,19,7583953,form_feed,ok,
10.1177/15330338231215214,10_1177_15330338231215214,/home/lpapp/IEEE_SYS_REV/4-FullTextExtraction/extract_v1/PDFs_step4_images/10_1177_15330338231215214,9,4161085,form_feed,ok,
10.1186/s12880-023-01084-5,10_1186_s12880_023_01084_5,/home/lpapp/IEEE_SYS_REV/4-FullTextExtraction/extract_v1/PDFs_step4_images/10_1186_s12880_023_01084_5,23,9235984,form_feed,ok,
10.1186/s12880-025-01813-y,10_1186_s12880_025_01813_y,/home/lpapp/IEEE_SYS_REV/4-FullTextExtraction/extract_v1/PDFs_step4_images/10_1186_s12880_025_01813_y,12,5059677,form_feed,ok,
10.1186/s12911-021-01588-6,10_1186_s12911_021_01588_6,/home/lpapp/IEEE_SYS_REV/4-FullTextExtraction/extract_v1/PDFs_step4_images/10_1186_s12911_021_01588_6,14,5041525,form_feed,ok,
10.1371/journal.pone.0331870,10_1371_journal_pone_0331870,/home/lpapp/IEEE_SYS_REV/4-FullTextExtraction/extract_v1/PDFs_step4_images/10_1371_journal_pone_0331870,22,8370191,form_feed,ok,
10.18280/ts.420531,10_18280_ts_420531,/home/lpapp/IEEE_SYS_REV/4-FullTextExtraction/extract_v1/PDFs_step4_images/10_18280_ts_420531,10,6157287,form_feed,ok,
10.2174/0115734056317489240808094924,10_2174_0115734056317489240808094924,/home/lpapp/IEEE_SYS_REV/4-FullTextExtraction/extract_v1/PDFs_step4_images/10_2174_0115734056317489240808094924,17,6106806,form_feed,ok,
10.22331/q-2022-12-22-881,10_22331_q_2022_12_22_881,/home/lpapp/IEEE_SYS_REV/4-FullTextExtraction/extract_v1/PDFs_step4_images/10_22331_q_2022_12_22_881,30,13717938,form_feed,ok,
10.3389/fdgth.2023.1283726,10_3389_fdgth_2023_1283726,/home/lpapp/IEEE_SYS_REV/4-FullTextExtraction/extract_v1/PDFs_step4_images/10_3389_fdgth_2023_1283726,16,6260017,form_feed,ok,
10.3389/fmed.2025.1677234,10_3389_fmed_2025_1677234,/home/lpapp/IEEE_SYS_REV/4-FullTextExtraction/extract_v1/PDFs_step4_images/10_3389_fmed_2025_1677234,22,8418278,form_feed,ok,
10.3389/fonc.2025.1553539,10_3389_fonc_2025_1553539,/home/lpapp/IEEE_SYS_REV/4-FullTextExtraction/extract_v1/PDFs_step4_images/10_3389_fonc_2025_1553539,16,5802464,form_feed,ok,
10.3389/fphy.2022.1046314,10_3389_fphy_2022_1046314,/home/lpapp/IEEE_SYS_REV/4-FullTextExtraction/extract_v1/PDFs_step4_images/10_3389_fphy_2022_1046314,11,3101169,form_feed,ok,
10.3389/fphy.2023.1212373,10_3389_fphy_2023_1212373,/home/lpapp/IEEE_SYS_REV/4-FullTextExtraction/extract_v1/PDFs_step4_images/10_3389_fphy_2023_1212373,14,4858729,form_feed,ok,
10.3389/fpsyt.2025.1648060,10_3389_fpsyt_2025_1648060,/home/lpapp/IEEE_SYS_REV/4-FullTextExtraction/extract_v1/PDFs_step4_images/10_3389_fpsyt_2025_1648060,11,4559933,form_feed,ok,
10.3389/frai.2026.1807209,10_3389_frai_2026_1807209,/home/lpapp/IEEE_SYS_REV/4-FullTextExtraction/extract_v1/PDFs_step4_images/10_3389_frai_2026_1807209,17,6585610,form_feed,ok,
10.3390/a19040279,10_3390_a19040279,/home/lpapp/IEEE_SYS_REV/4-FullTextExtraction/extract_v1/PDFs_step4_images/10_3390_a19040279,25,10217619,form_feed,ok,
10.3390/ai6020036,10_3390_ai6020036,/home/lpapp/IEEE_SYS_REV/4-FullTextExtraction/extract_v1/PDFs_step4_images/10_3390_ai6020036,28,9705010,form_feed,ok,
10.3390/app13064009,10_3390_app13064009,/home/lpapp/IEEE_SYS_REV/4-FullTextExtraction/extract_v1/PDFs_step4_images/10_3390_app13064009,15,4596314,form_feed,ok,
10.3390/bdcc10010012,10_3390_bdcc10010012,/home/lpapp/IEEE_SYS_REV/4-FullTextExtraction/extract_v1/PDFs_step4_images/10_3390_bdcc10010012,26,8222553,form_feed,ok,
10.3390/bioengineering11080799,10_3390_bioengineering11080799,/home/lpapp/IEEE_SYS_REV/4-FullTextExtraction/extract_v1/PDFs_step4_images/10_3390_bioengineering11080799,20,7231698,form_feed,ok,
10.3390/bioengineering12040326,10_3390_bioengineering12040326,/home/lpapp/IEEE_SYS_REV/4-FullTextExtraction/extract_v1/PDFs_step4_images/10_3390_bioengineering12040326,31,10805071,form_feed,ok,
10.3390/biom12111576,10_3390_biom12111576,/home/lpapp/IEEE_SYS_REV/4-FullTextExtraction/extract_v1/PDFs_step4_images/10_3390_biom12111576,18,6775355,form_feed,ok,
10.3390/biomedinformatics5030051,10_3390_biomedinformatics5030051,/home/lpapp/IEEE_SYS_REV/4-FullTextExtraction/extract_v1/PDFs_step4_images/10_3390_biomedinformatics5030051,25,8593848,form_feed,ok,
10.3390/brainsci14040401,10_3390_brainsci14040401,/home/lpapp/IEEE_SYS_REV/4-FullTextExtraction/extract_v1/PDFs_step4_images/10_3390_brainsci14040401,13,5548608,form_feed,ok,
10.3390/computation13120278,10_3390_computation13120278,/home/lpapp/IEEE_SYS_REV/4-FullTextExtraction/extract_v1/PDFs_step4_images/10_3390_computation13120278,20,7409049,form_feed,ok,
10.3390/diagnostics14050558,10_3390_diagnostics14050558,/home/lpapp/IEEE_SYS_REV/4-FullTextExtraction/extract_v1/PDFs_step4_images/10_3390_diagnostics14050558,16,7101520,form_feed,ok,
10.3390/electronics11050721,10_3390_electronics11050721,/home/lpapp/IEEE_SYS_REV/4-FullTextExtraction/extract_v1/PDFs_step4_images/10_3390_electronics11050721,19,6764894,form_feed,ok,
10.3390/jimaging9070128,10_3390_jimaging9070128,/home/lpapp/IEEE_SYS_REV/4-FullTextExtraction/extract_v1/PDFs_step4_images/10_3390_jimaging9070128,20,7757284,form_feed,ok,
10.3390/jimaging9100221,10_3390_jimaging9100221,/home/lpapp/IEEE_SYS_REV/4-FullTextExtraction/extract_v1/PDFs_step4_images/10_3390_jimaging9100221,22,7937764,form_feed,ok,
10.3390/life15071124,10_3390_life15071124,/home/lpapp/IEEE_SYS_REV/4-FullTextExtraction/extract_v1/PDFs_step4_images/10_3390_life15071124,23,8923665,form_feed,ok,
10.3390/medsci12040067,10_3390_medsci12040067,/home/lpapp/IEEE_SYS_REV/4-FullTextExtraction/extract_v1/PDFs_step4_images/10_3390_medsci12040067,16,7267218,form_feed,ok,
10.3934/math.2025499,10_3934_math_2025499,/home/lpapp/IEEE_SYS_REV/4-FullTextExtraction/extract_v1/PDFs_step4_images/10_3934_math_2025499,42,15292949,form_feed,ok,
10.4018/ijehmc.321149,10_4018_ijehmc_321149,/home/lpapp/IEEE_SYS_REV/4-FullTextExtraction/extract_v1/PDFs_step4_images/10_4018_ijehmc_321149,16,4716963,form_feed,ok,
10.56042/jsir.v84i1.14112,10_56042_jsir_v84i1_14112,/home/lpapp/IEEE_SYS_REV/4-FullTextExtraction/extract_v1/PDFs_step4_images/10_56042_jsir_v84i1_14112,12,4996509,form_feed,ok,
10.5604/01.3001.0054.9079,10_5604_01_3001_0054_9079,/home/lpapp/IEEE_SYS_REV/4-FullTextExtraction/extract_v1/PDFs_step4_images/10_5604_01_3001_0054_9079,8,3872225,form_feed,ok,
10.62347/wohq8174,10_62347_wohq8174,/home/lpapp/IEEE_SYS_REV/4-FullTextExtraction/extract_v1/PDFs_step4_images/10_62347_wohq8174,11,4121340,form_feed,ok,
10.7717/peerj-cs.3387,10_7717_peerj_cs_3387,/home/lpapp/IEEE_SYS_REV/4-FullTextExtraction/extract_v1/PDFs_step4_images/10_7717_peerj_cs_3387,30,9368672,form_feed,ok,
10.7759/cureus.67486,10_7759_cureus_67486,/home/lpapp/IEEE_SYS_REV/4-FullTextExtraction/extract_v1/PDFs_step4_images/10_7759_cureus_67486,11,4086695,form_feed,ok,
