doi,category,confidence,prisma_reason,basis,evidence
10.1063/5.0261878,INSTRUMENTATION,firm,"quantum instrumentation / physics, not an imaging application","Step-5 other-modality adjudication, ratified by corresponding author","NMR singlet preparation/detection; instrumentation/physics, not imaging"
10.1088/1361-6560/ae48aa,INSTRUMENTATION,borderline,"quantum instrumentation / physics, not an imaging application","Step-5 other-modality adjudication, ratified by corresponding author",entangled-photon generation via radiotherapy beams; imaging-instrumentation physics
10.1007/s42484-022-00090-0,METHOD_ONLY,borderline,no medical-imaging dataset (method demonstration on synthetic / non-imaging data),"Step-5 other-modality adjudication, ratified by corresponding author",synthetic toy (8 pts) + Forest Cover Type (non-medical tabular); no medical imaging
10.1088/2058-9565/adbcd1,METHOD_ONLY,borderline,no medical-imaging dataset (method demonstration on synthetic / non-imaging data),"Step-5 other-modality adjudication, ratified by corresponding author","generic optimization, dataset not_reported; no medical imaging"
10.1007/s11227-025-07266-y,NON_IMAGING,firm,not a medical-imaging study (non-imaging medical data),"Step-5 other-modality adjudication, ratified by corresponding author",tabular UCI (Iris/Heart/Ecoli); non-imaging
10.1007/s11227-025-07939-8,NON_IMAGING,firm,not a medical-imaging study (non-imaging medical data),"Step-5 other-modality adjudication, ratified by corresponding author",ECG signal; non-imaging modality
10.1016/j.asoc.2024.111781,NON_IMAGING,firm,not a medical-imaging study (non-imaging medical data),"Step-5 other-modality adjudication, ratified by corresponding author",cancer-registry tabular mortality features; non-imaging
10.1016/j.eij.2026.100901,NON_IMAGING,firm,not a medical-imaging study (non-imaging medical data),"Step-5 other-modality adjudication, ratified by corresponding author",EHG (electrohysterography) signal; non-imaging
10.1049/qtc2.12078,NON_IMAGING,firm,not a medical-imaging study (non-imaging medical data),"Step-5 other-modality adjudication, ratified by corresponding author",thyroid tabular dataset; non-imaging
10.1109/jiot.2025.3537614,NON_IMAGING,borderline,not a medical-imaging study (non-imaging medical data),"Step-5 other-modality adjudication, ratified by corresponding author","Wisconsin Breast Cancer (FNA cytology image-derived) + Fetal Health (CTG signal); used as tabular benchmarks, no image processing -- image-derived, trio definitional call"
10.1109/tce.2025.3548303,NON_IMAGING,firm,not a medical-imaging study (non-imaging medical data),"Step-5 other-modality adjudication, ratified by corresponding author",EEG signal; non-imaging
10.1140/epjqt/s40507-026-00500-3,NON_IMAGING,firm,not a medical-imaging study (non-imaging medical data),"Step-5 other-modality adjudication, ratified by corresponding author",Univ Bonn EEG + CHB-MIT scalp EEG (both signal); non-imaging
10.3389/frai.2026.1807209,NON_IMAGING,borderline,not a medical-imaging study (non-imaging medical data),"Step-5 other-modality adjudication, ratified by corresponding author","Parkinson hand-drawn spiral/meander; drawings, not radiological imaging"
10.1038/s41598-022-25280-5,NON_MEDICAL,borderline,not a medical-imaging study (non-medical data),"Step-5 other-modality adjudication, ratified by corresponding author","synthetic faces (thispersondoesnotexist) + 1 coauthor photo; face recognition, non-clinical"
10.1038/s41598-025-24168-4,NON_MEDICAL,borderline,not a medical-imaging study (non-medical data),"Step-5 other-modality adjudication, ratified by corresponding author","USC-SIPI / scikit-image / Test Card F / Ashurbanipal; general image-processing test images, non-medical"
10.1038/s41598-026-51130-9,NON_MEDICAL,borderline,not a medical-imaging study (non-medical data),"Step-5 other-modality adjudication, ratified by corresponding author","64x64 grayscale test image, image transmission/coding; non-medical"
10.1109/jiot.2025.3586090,NON_MEDICAL,firm,not a medical-imaging study (non-medical data),"Step-5 other-modality adjudication, ratified by corresponding author","5G/IoT network telemetry (Lumos5G, WUSTL-EHMS healthcare-IoT, PS-IoT); network data, not medical imaging"
10.1109/tnsre.2024.3385336,NON_MEDICAL,borderline,not a medical-imaging study (non-medical data),"Step-5 other-modality adjudication, ratified by corresponding author",KDEF/SFEW/FER facial-expression image sets; non-clinical faces (affect recognition)
10.1155/acis/1176614,NON_MEDICAL,firm,not a medical-imaging study (non-medical data),"Step-5 other-modality adjudication, ratified by corresponding author",Mirai/N-BaIoT IoT-botnet network data; non-medical
10.18280/ts.420531,NON_MEDICAL,borderline,not a medical-imaging study (non-medical data),"Step-5 other-modality adjudication, ratified by corresponding author","mixed benchmark: natural + aerial + medical images; general FRQI edge-detection, medical use incidental -- protocol §5.3 open decision"
10.3390/biom12111576,NON_MEDICAL,firm,not a medical-imaging study (non-medical data),"Step-5 other-modality adjudication, ratified by corresponding author","ImageNet ants/bees (non-medical images) + Wisconsin Breast Cancer (FNA cytology-derived, but tabular); primary image dataset is non-medical -> excludable regardless"
10.3934/math.2025499,NON_MEDICAL,borderline,not a medical-imaging study (non-medical data),"Step-5 other-modality adjudication, ratified by corresponding author",single non-medical demonstration image (Ashurbanipal); quantum image-rep method
10.1007/s11227-025-07789-4,SECONDARY,firm,secondary study (review / perspective),"Step-5 other-modality adjudication, ratified by corresponding author",SoK / survey; no primary dataset
10.1016/j.neucom.2023.01.049,SECONDARY,firm,secondary study (review / perspective),"Step-5 other-modality adjudication, ratified by corresponding author",title = 'A survey'; no dataset
10.1016/j.patter.2025.101236,SECONDARY,borderline,secondary study (review / perspective),"Step-5 other-modality adjudication, ratified by corresponding author","reads as perspective; task=other, no dataset [GUESS: confirm in abstract]"
10.1038/s41585-025-01058-y,SECONDARY,borderline,secondary study (review / perspective),"Step-5 other-modality adjudication, ratified by corresponding author","reads as perspective ('quantum leap'); task=other, no dataset [GUESS]"
10.1109/access.2022.3195044,SECONDARY,firm,secondary study (review / perspective),"Step-5 other-modality adjudication, ratified by corresponding author",title = 'A Systematic Review'
10.1177/15330338231215214,SECONDARY,borderline,secondary study (review / perspective),"Step-5 other-modality adjudication, ratified by corresponding author","reads as review; task=other, no dataset [GUESS]"
10.3390/medsci12040067,SECONDARY,borderline,secondary study (review / perspective),"Step-5 other-modality adjudication, ratified by corresponding author","reads as overview; task=other, no dataset [GUESS]"
10.7759/cureus.67486,SECONDARY,borderline,secondary study (review / perspective),"Step-5 other-modality adjudication, ratified by corresponding author","reads as review; task=other, no dataset [GUESS]"
10.1016/j.ejca.2025.115632,secondary/review,high,secondary/review,Journal-labelled 'Current Perspective'; no implementation,Abstract entirely conditional; no dataset/results/circuits; Eur J Cancer 226(2025)115632
