candidate_number,record_id,doi,source,pdf_path,pdf_source,safe_record_id,cached_text_path,extraction_method,char_count,page_count,alpha_ratio,quality,cache_hit,error
1,http://zotero.org/users/19517875/items/HFEJ4TV9,10.1038/s41598-023-41700-6,step3_high,/home/lpapp/IEEE_SYS_REV/PDFs/IEEE-QC-NoDuplicates-1-500/files/13371/Jun - 2023 - A highly accurate quantum optimization algorithm for CT image reconstruction based on sinogram patte.pdf,rdf_index,HFEJ4TV9,/home/lpapp/IEEE_SYS_REV/4-FullTextExtraction/fulltext_cache/HFEJ4TV9.txt,pdftotext_layout,64604,11,0.8714,ok,no,
2,http://zotero.org/users/19517875/items/6ZAZXELJ,10.1109/access.2025.3581030,step3_high,/home/lpapp/IEEE_SYS_REV/PDFs/IEEE-QC-NoDuplicates-1-500/files/17981/ⅴ et al. - 2025 - A Hybrid Quantum-Classical Approach for Multi-Class Skin Disease Classification Using a 4-Qubit Mode.pdf,rdf_index,6ZAZXELJ,/home/lpapp/IEEE_SYS_REV/4-FullTextExtraction/fulltext_cache/6ZAZXELJ.txt,pdftotext_layout,74708,12,0.9076,ok,no,
3,http://zotero.org/users/19517875/items/TQMDVT4I,10.1038/s41598-025-31122-x,step3_high,/home/lpapp/IEEE_SYS_REV/PDFs/IEEE-QC-NoDuplicates-1-500/files/17998/Pandey and Mandal - 2025 - A hybrid quantum–classical convolutional neural network with a quantum attention mechanism for skin.pdf,rdf_index,TQMDVT4I,/home/lpapp/IEEE_SYS_REV/4-FullTextExtraction/fulltext_cache/TQMDVT4I.txt,pdftotext_layout,176586,34,0.8702,ok,no,
4,http://zotero.org/users/19517875/items/SLZG8JUI,10.1155/2022/3236305,step3_high,/home/lpapp/IEEE_SYS_REV/PDFs/IEEE-QC-NoDuplicates-501-1000/files/14277/Amin et al. - 2022 - A New Model for Brain Tumor Detection Using Ensemble Transfer Learning and Quantum Variational Class.pdf,rdf_index,SLZG8JUI,/home/lpapp/IEEE_SYS_REV/4-FullTextExtraction/fulltext_cache/SLZG8JUI.txt,pdftotext_layout,84537,14,0.8537,ok,no,
5,http://zotero.org/users/19517875/items/67FLD3IJ,10.1109/access.2025.3542807,step3_high,/home/lpapp/IEEE_SYS_REV/PDFs/IEEE-QC-NoDuplicates-1-500/files/13246/Subbiyan et al. - 2025 - A Quantum-Enhanced Artificial Neural Network Model for Efficient Medical Image Compression.pdf,rdf_index,67FLD3IJ,/home/lpapp/IEEE_SYS_REV/4-FullTextExtraction/fulltext_cache/67FLD3IJ.txt,pdftotext_layout,98702,21,0.9127,ok,no,
6,http://zotero.org/users/19517875/items/3W2LR2XX,10.1007/s10791-025-09791-z,step3_high,/home/lpapp/IEEE_SYS_REV/PDFs/IEEE-QC-NoDuplicates-501-1000/files/18177/Ayalew et al. - 2025 - An explainable hybrid deep learning system for tuberculosis detection with Grad-CAM.pdf,rdf_index,3W2LR2XX,/home/lpapp/IEEE_SYS_REV/4-FullTextExtraction/fulltext_cache/3W2LR2XX.txt,pdftotext_layout,122349,33,0.8864,ok,no,
7,http://zotero.org/users/19517875/items/45A8TCKG,10.1007/s10278-023-00886-x,step3_high,/home/lpapp/IEEE_SYS_REV/PDFs/IEEE-QC-NoDuplicates-501-1000/files/13990/Felefly et al. - 2023 - An Explainable MRI-Radiomic Quantum Neural Network to Differentiate Between Large Brain Metastases a.pdf,rdf_index,45A8TCKG,/home/lpapp/IEEE_SYS_REV/4-FullTextExtraction/fulltext_cache/45A8TCKG.txt,pdftotext_layout,70590,13,0.8915,ok,no,
8,http://zotero.org/users/19517875/items/TKXVP4KF,10.1186/s12880-025-01813-y,step3_high,/home/lpapp/IEEE_SYS_REV/PDFs/IEEE-QC-NoDuplicates-1-500/files/18020/Huang et al. - 2025 - An integrated strategy based on radiomics and quantum machine learning diagnosis and clinical inter.pdf,rdf_index,TKXVP4KF,/home/lpapp/IEEE_SYS_REV/4-FullTextExtraction/fulltext_cache/TKXVP4KF.txt,pdftotext_layout,75361,13,0.8018,ok,no,
9,http://zotero.org/users/19517875/items/VHIFUBFV,10.3390/electronics11050721,step3_high,/home/lpapp/IEEE_SYS_REV/PDFs/IEEE-QC-NoDuplicates-501-1000/files/13981/Shahwar et al. - 2022 - Automated Detection of Alzheimer’s via Hybrid Classical Quantum Neural Networks.pdf,rdf_index,VHIFUBFV,/home/lpapp/IEEE_SYS_REV/4-FullTextExtraction/fulltext_cache/VHIFUBFV.txt,pdftotext_layout,175170,20,0.9093,ok,no,
10,http://zotero.org/users/19517875/items/ZD7TNQAZ,10.3390/life15071124,step3_high,/home/lpapp/IEEE_SYS_REV/PDFs/IEEE-QC-NoDuplicates-501-1000/files/18138/Selvaraj et al. - 2025 - Binary and Multi-Class Classification of Colorectal Polyps Using CRP-ViT A Comparative Study Betwee.pdf,rdf_index,ZD7TNQAZ,/home/lpapp/IEEE_SYS_REV/4-FullTextExtraction/fulltext_cache/ZD7TNQAZ.txt,pdftotext_layout,106798,24,0.8527,ok,no,
11,http://zotero.org/users/19517875/items/I8NPBJRS,10.3390/bioengineering12040326,step3_high,/home/lpapp/IEEE_SYS_REV/PDFs/IEEE-QC-NoDuplicates-1001-1500/files/18671/Khan et al. - 2025 - CAD-Skin A Hybrid Convolutional Neural Network–Autoencoder Framework for Precise Detection and Clas.pdf,rdf_index,I8NPBJRS,/home/lpapp/IEEE_SYS_REV/4-FullTextExtraction/fulltext_cache/I8NPBJRS.txt,pdftotext_layout,135586,32,0.9109,ok,no,
12,http://zotero.org/users/19517875/items/Q5HFQ35V,10.3389/fphy.2023.1212373,step3_high,/home/lpapp/IEEE_SYS_REV/PDFs/IEEE-QC-NoDuplicates-1-500/files/13640/Dong et al. - 2023 - Classification of knee osteoarthritis based on quantum-to-classical transfer learning.pdf,rdf_index,Q5HFQ35V,/home/lpapp/IEEE_SYS_REV/4-FullTextExtraction/fulltext_cache/Q5HFQ35V.txt,pdftotext_layout,83837,15,0.8895,ok,no,
13,http://zotero.org/users/19517875/items/MYWQI6U2,10.2174/0115734056317489240808094924,step3_high,/home/lpapp/IEEE_SYS_REV/PDFs/IEEE-QC-NoDuplicates-1-500/files/18976/Shahwar et al. - 2024 - Classification of Pneumonia via a Hybrid ZFNet-Quantum Neural Network Using a Chest X-ray Dataset.pdf,rdf_index,MYWQI6U2,/home/lpapp/IEEE_SYS_REV/4-FullTextExtraction/fulltext_cache/MYWQI6U2.txt,pdftotext_layout,89146,18,0.899,ok,no,
14,http://zotero.org/users/19517875/items/9SB6YKTN,10.4018/ijehmc.321149,step3_high,/home/lpapp/IEEE_SYS_REV/PDFs/IEEE-QC-NoDuplicates-501-1000/files/14180/Kodipalli et al. - 2023 - Computational Framework of Inverted Fuzzy C-Means and Quantum Convolutional Neural Network Towards A.pdf,rdf_index,9SB6YKTN,/home/lpapp/IEEE_SYS_REV/4-FullTextExtraction/fulltext_cache/9SB6YKTN.txt,pdftotext_layout,47690,17,0.8835,ok,no,
15,http://zotero.org/users/19517875/items/SEJE3352,10.1371/journal.pone.0331870,step3_high,/home/lpapp/IEEE_SYS_REV/PDFs/IEEE-QC-NoDuplicates-501-1000/files/18093/Islam et al. - 2025 - CQ-CNN A lightweight hybrid classical–quantum convolutional neural network for Alzheimer’s disease.pdf,rdf_index,SEJE3352,/home/lpapp/IEEE_SYS_REV/4-FullTextExtraction/fulltext_cache/SEJE3352.txt,pdftotext_layout,118620,23,0.8657,ok,no,
16,http://zotero.org/users/19517875/items/V7FQYZB8,10.1038/s41598-024-61452-1,step3_high,/home/lpapp/IEEE_SYS_REV/PDFs/IEEE-QC-NoDuplicates-2001-2500/files/16715/Jenber Belay et al. - 2024 - Deep Ensemble learning and quantum machine learning approach for Alzheimer’s disease detection.pdf,rdf_index,V7FQYZB8,/home/lpapp/IEEE_SYS_REV/4-FullTextExtraction/fulltext_cache/V7FQYZB8.txt,pdftotext_layout,59016,11,0.8901,ok,no,
17,http://zotero.org/users/19517875/items/7VAQXZMG,10.1007/s10791-025-09634-x,step3_high,/home/lpapp/IEEE_SYS_REV/PDFs/IEEE-QC-NoDuplicates-501-1000/files/18142/Radhika and Sharada - 2025 - Design and implementation of quantum hippo inspired convolutional neural networks using parametric q.pdf,rdf_index,7VAQXZMG,/home/lpapp/IEEE_SYS_REV/4-FullTextExtraction/fulltext_cache/7VAQXZMG.txt,pdftotext_layout,65533,19,0.8878,ok,no,
18,http://zotero.org/users/19517875/items/VCZXEQNR,10.1103/physrevresearch.6.l042060,step3_high,/home/lpapp/IEEE_SYS_REV/PDFs/IEEE-QC-NoDuplicates-1-500/files/13323/Simen et al. - 2024 - Digital-analog quantum convolutional neural networks for image classification.pdf,rdf_index,VCZXEQNR,/home/lpapp/IEEE_SYS_REV/4-FullTextExtraction/fulltext_cache/VCZXEQNR.txt,pdftotext_layout,53482,9,0.8775,ok,no,
19,http://zotero.org/users/19517875/items/ULUJPGSU,10.1109/tce.2025.3548303,step3_high,/home/lpapp/IEEE_SYS_REV/PDFs/IEEE-QC-NoDuplicates-2501-2979/files/17811/Ho et al. - 2025 - EEG-Based Dementia Classification Using CS-EMD Synchrony Features and Quantum Machine Learning.pdf,rdf_index,ULUJPGSU,/home/lpapp/IEEE_SYS_REV/4-FullTextExtraction/fulltext_cache/ULUJPGSU.txt,pdftotext_layout,110083,16,0.8891,ok,no,
20,http://zotero.org/users/19517875/items/HJJYQP2H,10.1007/s00259-023-06362-6,step3_high,/home/lpapp/IEEE_SYS_REV/PDFs/IEEE-QC-NoDuplicates-1-500/files/13829/Moradi et al. - 2023 - Error mitigation enables PET radiomic cancer characterization on quantum computers.pdf,rdf_index,HJJYQP2H,/home/lpapp/IEEE_SYS_REV/4-FullTextExtraction/fulltext_cache/HJJYQP2H.txt,pdftotext_layout,79292,13,0.8436,ok,no,
21,http://zotero.org/users/19517875/items/QLU9GVP4,10.1016/j.asoc.2024.111781,step3_high,/home/lpapp/IEEE_SYS_REV/PDFs/IEEE-QC-NoDuplicates-501-1000/files/18815/Yu et al. - 2024 - Evaluation of conventional and quantum computing for predicting mortality based on small early-onset.pdf,rdf_index,QLU9GVP4,/home/lpapp/IEEE_SYS_REV/4-FullTextExtraction/fulltext_cache/QLU9GVP4.txt,pdftotext_layout,58280,9,0.9048,ok,no,
22,http://zotero.org/users/19517875/items/VWWY6EYX,10.3389/fonc.2025.1553539,step3_high,/home/lpapp/IEEE_SYS_REV/PDFs/IEEE-QC-NoDuplicates-1-500/files/18024/Glenn et al. - 2025 - Evaluation of quantum contouring algorithms for treatment planning on MR abdominal images.pdf,rdf_index,VWWY6EYX,/home/lpapp/IEEE_SYS_REV/4-FullTextExtraction/fulltext_cache/VWWY6EYX.txt,pdftotext_layout,89095,17,0.9166,ok,no,
23,http://zotero.org/users/19517875/items/2Z3Q8KTP,10.1109/access.2024.3434681,step3_high,/home/lpapp/IEEE_SYS_REV/PDFs/IEEE-QC-NoDuplicates-501-1000/files/18070/Reka et al. - 2024 - Exploring Quantum Machine Learning for Enhanced Skin Lesion Classification A Comparative Study of I.pdf,rdf_index,2Z3Q8KTP,/home/lpapp/IEEE_SYS_REV/4-FullTextExtraction/fulltext_cache/2Z3Q8KTP.txt,pdftotext_layout,86336,18,0.8997,ok,no,
24,http://zotero.org/users/19517875/items/2WLQRP3D,10.3390/jimaging9100221,step3_high,/home/lpapp/IEEE_SYS_REV/PDFs/IEEE-QC-NoDuplicates-1-500/files/13351/Nau et al. - 2023 - Exploring the Limitations of Hybrid Adiabatic Quantum Computing for Emission Tomography Reconstructi.pdf,rdf_index,2WLQRP3D,/home/lpapp/IEEE_SYS_REV/4-FullTextExtraction/fulltext_cache/2WLQRP3D.txt,pdftotext_layout,97793,23,0.8982,ok,no,
25,http://zotero.org/users/19517875/items/37WM6ALP,10.1088/2058-9565/acfc61,step3_high,/home/lpapp/IEEE_SYS_REV/PDFs/IEEE-QC-NoDuplicates-1-500/files/13900/Bhatia et al. - 2023 - Federated quanvolutional neural network a new paradigm for collaborative quantum learning.pdf,rdf_index,37WM6ALP,/home/lpapp/IEEE_SYS_REV/4-FullTextExtraction/fulltext_cache/37WM6ALP.txt,pdftotext_layout,59542,17,0.9149,ok,no,
26,http://zotero.org/users/19517875/items/X4WJ5RJZ,10.1049/qtc2.70010,step3_high,/home/lpapp/IEEE_SYS_REV/PDFs/IEEE-QC-NoDuplicates-1-500/files/17923/Nandy Pal and De - 2025 - FedQCNN A Privacy‐Preserving Federated Quantum Convolutional Neural Network for Retinal Image Class.pdf,rdf_index,X4WJ5RJZ,/home/lpapp/IEEE_SYS_REV/4-FullTextExtraction/fulltext_cache/X4WJ5RJZ.txt,pdftotext_layout,124748,20,0.8906,ok,no,
27,http://zotero.org/users/19517875/items/5B3ZDRXM,10.1109/access.2025.3638383,step3_high,/home/lpapp/IEEE_SYS_REV/PDFs/IEEE-QC-NoDuplicates-2501-2979/files/18202/Khawaji et al. - 2025 - High-Resolution Medical Image Generation With Leak-Prevention Mechanism Using Quantum Transformer Le.pdf,rdf_index,5B3ZDRXM,/home/lpapp/IEEE_SYS_REV/4-FullTextExtraction/fulltext_cache/5B3ZDRXM.txt,pdftotext_layout,118056,22,0.8835,ok,no,
28,http://zotero.org/users/19517875/items/3G7NX5ZV,10.3390/ai6020036,step3_high,/home/lpapp/IEEE_SYS_REV/PDFs/IEEE-QC-NoDuplicates-1-500/files/13751/Gordienko et al. - 2025 - HNN-QCn Hybrid Neural Network with Multiple Backbones and Quantum Transformation as Data Augmentati.pdf,rdf_index,3G7NX5ZV,/home/lpapp/IEEE_SYS_REV/4-FullTextExtraction/fulltext_cache/3G7NX5ZV.txt,pdftotext_layout,112085,29,0.8745,ok,no,
29,http://zotero.org/users/19517875/items/M4KNVSDJ,10.1109/access.2024.3360139,step3_high,/home/lpapp/IEEE_SYS_REV/PDFs/IEEE-QC-NoDuplicates-1-500/files/13914/Shoieb et al. - 2024 - HQMC-CPC A Hybrid Quantum Multiclass Cardiac Pathologies Classification Integrating a Modified Hard.pdf,rdf_index,M4KNVSDJ,/home/lpapp/IEEE_SYS_REV/4-FullTextExtraction/fulltext_cache/M4KNVSDJ.txt,pdftotext_layout,159924,21,0.8877,ok,no,
30,http://zotero.org/users/19517875/items/GQPEL7U7,10.3390/jimaging9070128,step3_high,/home/lpapp/IEEE_SYS_REV/PDFs/IEEE-QC-NoDuplicates-1-500/files/13585/Decoodt et al. - 2023 - Hybrid Classical–Quantum Transfer Learning for Cardiomegaly Detection in Chest X-rays.pdf,rdf_index,GQPEL7U7,/home/lpapp/IEEE_SYS_REV/4-FullTextExtraction/fulltext_cache/GQPEL7U7.txt,pdftotext_layout,166729,21,0.8319,ok,no,
31,http://zotero.org/users/19517875/items/JYI8NXLI,10.56042/jsir.v84i1.14112,step3_high,/home/lpapp/IEEE_SYS_REV/PDFs/IEEE-QC-NoDuplicates-1-500/files/18972/2025 - Hybrid Quantum Graph Neural Network for Brain Tumor MR Image Classification.pdf,rdf_index,JYI8NXLI,/home/lpapp/IEEE_SYS_REV/4-FullTextExtraction/fulltext_cache/JYI8NXLI.txt,pdftotext_layout,54199,13,0.9283,ok,no,
32,http://zotero.org/users/19517875/items/LTUJ83TE,10.3390/diagnostics14050558,step3_high,/home/lpapp/IEEE_SYS_REV/PDFs/IEEE-QC-NoDuplicates-1-500/files/13277/Lusnig et al. - 2024 - Hybrid Quantum Image Classification and Federated Learning for Hepatic Steatosis Diagnosis.pdf,rdf_index,LTUJ83TE,/home/lpapp/IEEE_SYS_REV/4-FullTextExtraction/fulltext_cache/LTUJ83TE.txt,pdftotext_layout,89957,17,0.8883,ok,no,
33,http://zotero.org/users/19517875/items/FNKB7TPJ,10.1093/jcde/qwac003,step3_high,/home/lpapp/IEEE_SYS_REV/PDFs/IEEE-QC-NoDuplicates-1-500/files/13311/Houssein et al. - 2022 - Hybrid quantum-classical convolutional neural network model for COVID-19 prediction using chest X-ra.pdf,rdf_index,FNKB7TPJ,/home/lpapp/IEEE_SYS_REV/4-FullTextExtraction/fulltext_cache/FNKB7TPJ.txt,pdftotext_layout,115517,22,0.8287,ok,no,
34,http://zotero.org/users/19517875/items/SFK87Z83,10.1016/j.mex.2025.103605,step3_high,/home/lpapp/IEEE_SYS_REV/PDFs/IEEE-QC-NoDuplicates-1-500/files/18413/Ara et al. - 2025 - Hybrid quantum-classical deep learning framework for balanced multiclass diabetic retinopathy classi.pdf,rdf_index,SFK87Z83,/home/lpapp/IEEE_SYS_REV/4-FullTextExtraction/fulltext_cache/SFK87Z83.txt,pdftotext_layout,78024,17,0.8766,ok,no,
35,http://zotero.org/users/19517875/items/TGBG698N,10.1109/access.2025.3625205,step3_high,/home/lpapp/IEEE_SYS_REV/PDFs/IEEE-QC-NoDuplicates-1-500/files/17919/Priyadharshni and Ravi - 2025 - Hybrid Quantum-Convolutional Neural Network With Spatial Attention for Accurate Classification of Ma.pdf,rdf_index,TGBG698N,/home/lpapp/IEEE_SYS_REV/4-FullTextExtraction/fulltext_cache/TGBG698N.txt,pdftotext_layout,109992,21,0.8936,ok,no,
36,http://zotero.org/users/19517875/items/AXEQG79T,10.1007/s44196-025-00920-6,step3_high,/home/lpapp/IEEE_SYS_REV/PDFs/IEEE-QC-NoDuplicates-1-500/files/18001/Nandal et al. - 2025 - Image Denoising Using Quantum Deep Convolutional Generative Adversarial Network for Medical Images.pdf,rdf_index,AXEQG79T,/home/lpapp/IEEE_SYS_REV/4-FullTextExtraction/fulltext_cache/AXEQG79T.txt,pdftotext_layout,73879,22,0.9065,ok,no,
37,http://zotero.org/users/19517875/items/YNDV7F2A,10.3390/computation13120278,step3_high,/home/lpapp/IEEE_SYS_REV/PDFs/IEEE-QC-NoDuplicates-1-500/files/18017/Khmelnytskyi et al. - 2025 - Impact of Scaling Classic Component on Performance of Hybrid Multi-Backbone Quantum–Classic Neural N.pdf,rdf_index,YNDV7F2A,/home/lpapp/IEEE_SYS_REV/4-FullTextExtraction/fulltext_cache/YNDV7F2A.txt,pdftotext_layout,84434,21,0.9103,ok,no,
38,http://zotero.org/users/19517875/items/SDVLFBQP,10.1007/s42452-025-06504-5,step3_high,/home/lpapp/IEEE_SYS_REV/PDFs/IEEE-QC-NoDuplicates-501-1000/files/18173/Ayalew et al. - 2025 - Improved sarcoidosis disease detection using deep learning and histogram of oriented gradients with.pdf,rdf_index,SDVLFBQP,/home/lpapp/IEEE_SYS_REV/4-FullTextExtraction/fulltext_cache/SDVLFBQP.txt,pdftotext_layout,79801,24,0.8889,ok,no,
39,http://zotero.org/users/19517875/items/NWTH8G6I,10.1016/j.jestch.2025.102272,step3_high,/home/lpapp/IEEE_SYS_REV/PDFs/IEEE-QC-NoDuplicates-501-1000/files/19123/Babu Veesam et al. - 2026 - Integrated quantum-classical hybrid architectures for robust lung lesion segmentation in volumetric.pdf,rdf_index,NWTH8G6I,/home/lpapp/IEEE_SYS_REV/4-FullTextExtraction/fulltext_cache/NWTH8G6I.txt,pdftotext_layout,152890,19,0.9142,ok,no,
40,http://zotero.org/users/19517875/items/B5LMJUZ5,10.1186/s12880-023-01084-5,step3_high,/home/lpapp/IEEE_SYS_REV/PDFs/IEEE-QC-NoDuplicates-1-500/files/13256/Ajlouni et al. - 2023 - Medical image diagnosis based on adaptive Hybrid Quantum CNN.pdf,rdf_index,B5LMJUZ5,/home/lpapp/IEEE_SYS_REV/4-FullTextExtraction/fulltext_cache/B5LMJUZ5.txt,pdftotext_layout,119755,24,0.9181,ok,no,
41,http://zotero.org/users/19517875/items/X36YQ32A,10.1016/j.aej.2023.09.008,step3_high,/home/lpapp/IEEE_SYS_REV/PDFs/IEEE-QC-NoDuplicates-1-500/files/19016/Al-Mansor et al. - 2023 - Medical image edge detection in the framework of quantum representations.pdf,rdf_index,X36YQ32A,/home/lpapp/IEEE_SYS_REV/4-FullTextExtraction/fulltext_cache/X36YQ32A.txt,pdftotext_layout,59532,10,0.8801,ok,no,
42,http://zotero.org/users/19517875/items/U283BWJR,10.3390/bioengineering11080799,step3_high,/home/lpapp/IEEE_SYS_REV/PDFs/IEEE-QC-NoDuplicates-1-500/files/13478/Martis et al. - 2024 - Novel Hybrid Quantum Architecture-Based Lung Cancer Detection Using Chest Radiograph and Computerize.pdf,rdf_index,U283BWJR,/home/lpapp/IEEE_SYS_REV/4-FullTextExtraction/fulltext_cache/U283BWJR.txt,pdftotext_layout,306518,21,0.8936,ok,no,
43,http://zotero.org/users/19517875/items/G6SQ3D3D,10.1177/15330338231215214,step3_high,/home/lpapp/IEEE_SYS_REV/PDFs/IEEE-QC-NoDuplicates-2001-2500/files/16605/Rahimi and Asadi - 2023 - Oncological Applications of Quantum Machine Learning.pdf,rdf_index,G6SQ3D3D,/home/lpapp/IEEE_SYS_REV/4-FullTextExtraction/fulltext_cache/G6SQ3D3D.txt,pdftotext_layout,54197,10,0.9252,ok,no,
44,http://zotero.org/users/19517875/items/F3MY7JR3,10.1109/access.2025.3608217,step3_high,/home/lpapp/IEEE_SYS_REV/PDFs/IEEE-QC-NoDuplicates-1-500/files/17967/Aravinda et al. - 2025 - Optimized DenseNet121 and Quantum PennyLane Fusion for Explainable Skin Disease Recognition and Clas.pdf,rdf_index,F3MY7JR3,/home/lpapp/IEEE_SYS_REV/4-FullTextExtraction/fulltext_cache/F3MY7JR3.txt,pdftotext_layout,83783,14,0.9143,ok,no,
45,http://zotero.org/users/19517875/items/USTECTL3,10.1109/access.2025.3599679,step3_high,/home/lpapp/IEEE_SYS_REV/PDFs/IEEE-QC-NoDuplicates-1-500/files/17899/Tikariha et al. - 2025 - Osteoarthritis Classification Using Hybrid Quantum Convolutional Neural Network.pdf,rdf_index,USTECTL3,/home/lpapp/IEEE_SYS_REV/4-FullTextExtraction/fulltext_cache/USTECTL3.txt,pdftotext_layout,71534,12,0.8941,ok,no,
46,http://zotero.org/users/19517875/items/Z3LKA4MQ,10.3390/brainsci14400401,step3_high,/home/lpapp/IEEE_SYS_REV/PDFs/IEEE-QC-NoDuplicates-501-1000/files/13996/Jeon et al. - 2024 - Predicting Brain Age and Gender from Brain Volume Data Using Variational Quantum Circuits.pdf,rdf_index,Z3LKA4MQ,/home/lpapp/IEEE_SYS_REV/4-FullTextExtraction/fulltext_cache/Z3LKA4MQ.txt,pdftotext_layout,141907,14,0.8315,ok,no,
47,http://zotero.org/users/19517875/items/RQ5LH968,10.3389/fmed.2025.1677234,step3_high,/home/lpapp/IEEE_SYS_REV/PDFs/IEEE-QC-NoDuplicates-1-500/files/17994/Priyadharshini et al. - 2025 - QBrainNet harnessing enhanced quantum intelligence for advanced brain stroke prediction from medica.pdf,rdf_index,RQ5LH968,/home/lpapp/IEEE_SYS_REV/4-FullTextExtraction/fulltext_cache/RQ5LH968.txt,pdftotext_layout,132216,23,0.9215,ok,no,
48,http://zotero.org/users/19517875/items/F9XW7JQ9,10.3390/app13064009,step3_high,/home/lpapp/IEEE_SYS_REV/4-FullTextExtraction/manual_pdfs/10.3390_app13064009.pdf,manual,F9XW7JQ9,/home/lpapp/IEEE_SYS_REV/4-FullTextExtraction/fulltext_cache/F9XW7JQ9.txt,pdftotext_layout,142545,16,0.8751,ok,no,
49,http://zotero.org/users/19517875/items/TIM3DCHJ,10.3389/fpsyt.2025.1648060,step3_high,/home/lpapp/IEEE_SYS_REV/PDFs/IEEE-QC-NoDuplicates-1-500/files/18031/Amin et al. - 2025 - Quantum AI for psychiatric diagnosis enhancing dementia classification with quantum machine learnin.pdf,rdf_index,TIM3DCHJ,/home/lpapp/IEEE_SYS_REV/4-FullTextExtraction/fulltext_cache/TIM3DCHJ.txt,pdftotext_layout,78825,12,0.8703,ok,no,
50,http://zotero.org/users/19517875/items/PGD6BDDK,10.1186/s12911-021-01588-6,step3_high,/home/lpapp/IEEE_SYS_REV/PDFs/IEEE-QC-NoDuplicates-2001-2500/files/16638/Sengupta and Srivastava - 2021 - Quantum algorithm for quicker clinical prognostic analysis an application and experimental study us.pdf,rdf_index,PGD6BDDK,/home/lpapp/IEEE_SYS_REV/4-FullTextExtraction/fulltext_cache/PGD6BDDK.txt,pdftotext_layout,75603,15,0.8726,ok,no,
51,http://zotero.org/users/19517875/items/EIWJF2F4,10.1038/s41598-025-14611-x,step3_high,/home/lpapp/IEEE_SYS_REV/PDFs/IEEE-QC-NoDuplicates-1-500/files/18000/Nau et al. - 2025 - Quantum annealing feature selection on light-weight medical image datasets.pdf,rdf_index,EIWJF2F4,/home/lpapp/IEEE_SYS_REV/4-FullTextExtraction/fulltext_cache/EIWJF2F4.txt,pdftotext_layout,72530,11,0.9045,ok,no,
52,http://zotero.org/users/19517875/items/FUNI2YBE,10.1038/s41598-026-35540-3,step3_high,/home/lpapp/IEEE_SYS_REV/4-FullTextExtraction/manual_pdfs/10.1038_s41598-026-35540-3.pdf,manual,FUNI2YBE,/home/lpapp/IEEE_SYS_REV/4-FullTextExtraction/fulltext_cache/FUNI2YBE.txt,pdftotext_layout,96461,18,0.9005,ok,no,
53,http://zotero.org/users/19517875/items/HXKSHS55,10.62347/wohq8174,step3_high,/home/lpapp/IEEE_SYS_REV/PDFs/IEEE-QC-NoDuplicates-1-500/files/17907/Sun - 2025 - Quantum dual-branch neural networks with transfer learning for early detection of skin cancer.pdf,rdf_index,HXKSHS55,/home/lpapp/IEEE_SYS_REV/4-FullTextExtraction/fulltext_cache/HXKSHS55.txt,pdftotext_layout,46991,12,0.9084,ok,no,
54,http://zotero.org/users/19517875/items/EBS5QNW2,10.18280/ts.420531,step3_high,/home/lpapp/IEEE_SYS_REV/PDFs/IEEE-QC-NoDuplicates-1-500/files/19004/Elaraby and ElSheikh - 2025 - Quantum Edge Detection in Digital Imaging A Novel Approach Using Quantum Exponential Entropy.pdf,rdf_index,EBS5QNW2,/home/lpapp/IEEE_SYS_REV/4-FullTextExtraction/fulltext_cache/EBS5QNW2.txt,pdftotext_layout,76182,11,0.8905,ok,no,
55,http://zotero.org/users/19517875/items/7JNZ2NDY,10.1038/s41598-024-60472-1,step3_high,/home/lpapp/IEEE_SYS_REV/PDFs/IEEE-QC-NoDuplicates-501-1000/files/14329/Hiesmayr et al. - 2024 - Quantum error channels in high energetic photonic systems.pdf,rdf_index,7JNZ2NDY,/home/lpapp/IEEE_SYS_REV/4-FullTextExtraction/fulltext_cache/7JNZ2NDY.txt,pdftotext_layout,62569,9,0.8635,ok,no,
56,http://zotero.org/users/19517875/items/YX7N7DX2,10.1038/s41598-022-25280-5,step3_high,/home/lpapp/IEEE_SYS_REV/PDFs/IEEE-QC-NoDuplicates-1-500/files/13327/Salari et al. - 2023 - Quantum face recognition protocol with ghost imaging.pdf,rdf_index,YX7N7DX2,/home/lpapp/IEEE_SYS_REV/4-FullTextExtraction/fulltext_cache/YX7N7DX2.txt,pdftotext_layout,63153,10,0.8775,ok,no,
57,http://zotero.org/users/19517875/items/FZYZGNMF,10.1088/2632-2153/add1a9,step3_high,/home/lpapp/IEEE_SYS_REV/PDFs/IEEE-QC-NoDuplicates-1-500/files/13241/Khatun et al. - 2025 - Quantum generative learning for high-resolution medical image generation.pdf,rdf_index,FZYZGNMF,/home/lpapp/IEEE_SYS_REV/4-FullTextExtraction/fulltext_cache/FZYZGNMF.txt,pdftotext_layout,110577,20,0.9263,ok,no,
58,http://zotero.org/users/19517875/items/BAPZNXMM,10.1038/s41598-025-17075-1,step3_high,/home/lpapp/IEEE_SYS_REV/PDFs/IEEE-QC-NoDuplicates-501-1000/files/18130/Xie et al. - 2025 - Quantum integration in swin transformer mitigates overfitting in breast cancer screening.pdf,rdf_index,BAPZNXMM,/home/lpapp/IEEE_SYS_REV/4-FullTextExtraction/fulltext_cache/BAPZNXMM.txt,pdftotext_layout,79905,14,0.8307,ok,no,
59,http://zotero.org/users/19517875/items/V9PJ6E7A,10.1109/access.2022.3195044,step3_high,/home/lpapp/IEEE_SYS_REV/PDFs/IEEE-QC-NoDuplicates-2501-2979/files/17752/Maheshwari et al. - 2022 - Quantum Machine Learning Applications in the Biomedical Domain A Systematic Review.pdf,rdf_index,V9PJ6E7A,/home/lpapp/IEEE_SYS_REV/4-FullTextExtraction/fulltext_cache/V9PJ6E7A.txt,pdftotext_layout,116174,23,0.8657,ok,no,
60,http://zotero.org/users/19517875/items/HKMD4ZGT,10.1007/s12559-021-09926-6,step3_high,/home/lpapp/IEEE_SYS_REV/PDFs/IEEE-QC-NoDuplicates-2001-2500/files/16882/Amin et al. - 2022 - Quantum Machine Learning Architecture for COVID-19 Classification Based on Synthetic Data Generation.pdf,rdf_index,HKMD4ZGT,/home/lpapp/IEEE_SYS_REV/4-FullTextExtraction/fulltext_cache/HKMD4ZGT.txt,pdftotext_layout,56331,13,0.8653,ok,no,
61,http://zotero.org/users/19517875/items/8K9IEJTX,10.1088/2632-2153/ad2aef,step3_high,/home/lpapp/IEEE_SYS_REV/PDFs/IEEE-QC-NoDuplicates-1-500/files/13268/Senokosov et al. - 2024 - Quantum machine learning for image classification.pdf,rdf_index,8K9IEJTX,/home/lpapp/IEEE_SYS_REV/4-FullTextExtraction/fulltext_cache/8K9IEJTX.txt,pdftotext_layout,81090,14,0.8958,ok,no,
62,http://zotero.org/users/19517875/items/Y8UGASGC,10.22331/q-2022-12-22-881,step3_high,/home/lpapp/IEEE_SYS_REV/PDFs/IEEE-QC-NoDuplicates-1-500/files/13356/Landman et al. - 2022 - Quantum Methods for Neural Networks and Application to Medical Image Classification.pdf,rdf_index,Y8UGASGC,/home/lpapp/IEEE_SYS_REV/4-FullTextExtraction/fulltext_cache/Y8UGASGC.txt,pdftotext_layout,168385,31,0.9091,ok,no,
63,http://zotero.org/users/19517875/items/HNRGM3V4,10.1038/s41598-025-08453-w,step3_high,/home/lpapp/IEEE_SYS_REV/PDFs/IEEE-QC-NoDuplicates-1-500/files/18018/Jun and Lee - 2025 - Quantum optimization algorithms for CT image segmentation from X-ray data.pdf,rdf_index,HNRGM3V4,/home/lpapp/IEEE_SYS_REV/4-FullTextExtraction/fulltext_cache/HNRGM3V4.txt,pdftotext_layout,81864,14,0.894,ok,no,
64,http://zotero.org/users/19517875/items/CUJTMVXB,10.1109/tqe.2025.3618295,step3_high,/home/lpapp/IEEE_SYS_REV/PDFs/IEEE-QC-NoDuplicates-1-500/files/17937/Lee and Jun - 2025 - Quantum Optimization Approaches in Medical Imaging Advances in Quantum Algorithms for Medical Tomog.pdf,rdf_index,CUJTMVXB,/home/lpapp/IEEE_SYS_REV/4-FullTextExtraction/fulltext_cache/CUJTMVXB.txt,pdftotext_layout,77560,12,0.9108,ok,no,
65,http://zotero.org/users/19517875/items/CHDWXAK6,10.3390/biomedinformatics5030051,step3_high,/home/lpapp/IEEE_SYS_REV/PDFs/IEEE-QC-NoDuplicates-1-500/files/17926/Marzoug et al. - 2025 - Quantum-Enhanced Dual-Backbone Architecture for Accurate Gastrointestinal Disease Detection Using En.pdf,rdf_index,CHDWXAK6,/home/lpapp/IEEE_SYS_REV/4-FullTextExtraction/fulltext_cache/CHDWXAK6.txt,pdftotext_layout,104362,26,0.8844,ok,no,
66,http://zotero.org/users/19517875/items/93DMXMRK,10.1016/j.aej.2025.12.007,step3_high,/home/lpapp/IEEE_SYS_REV/PDFs/IEEE-QC-NoDuplicates-1-500/files/18985/Nishan et al. - 2026 - QuantumMedKD A hybrid quantum–classical knowledge distillation framework for medical image analysis.pdf,rdf_index,93DMXMRK,/home/lpapp/IEEE_SYS_REV/4-FullTextExtraction/fulltext_cache/93DMXMRK.txt,pdftotext_layout,176330,21,0.9055,ok,no,
67,http://zotero.org/users/19517875/items/V5FLRG76,10.1016/j.mex.2025.103185,step3_high,/home/lpapp/IEEE_SYS_REV/PDFs/IEEE-QC-NoDuplicates-501-1000/files/19122/Bali et al. - 2025 - QuantumNet An enhanced diabetic retinopathy detection model using classical deep learning-quantum t.pdf,rdf_index,V5FLRG76,/home/lpapp/IEEE_SYS_REV/4-FullTextExtraction/fulltext_cache/V5FLRG76.txt,pdftotext_layout,64092,14,0.8919,ok,no,
68,http://zotero.org/users/19517875/items/WTG4UGJG,10.1088/2058-9565/ae24a8,step3_high,/home/lpapp/IEEE_SYS_REV/PDFs/IEEE-QC-NoDuplicates-1-500/files/17943/Jain and Kalev - 2026 - QuFeX quantum feature extraction module for hybrid quantum-classical deep neural networks.pdf,rdf_index,WTG4UGJG,/home/lpapp/IEEE_SYS_REV/4-FullTextExtraction/fulltext_cache/WTG4UGJG.txt,pdftotext_layout,75328,20,0.9175,ok,no,
69,http://zotero.org/users/19517875/items/ZY68LKTN,10.1007/s10462-024-10932-x,step3_high,/home/lpapp/IEEE_SYS_REV/PDFs/IEEE-QC-NoDuplicates-1-500/files/17975/Yan et al. - 2024 - Review of medical image processing using quantum-enabled algorithms.pdf,rdf_index,ZY68LKTN,/home/lpapp/IEEE_SYS_REV/4-FullTextExtraction/fulltext_cache/ZY68LKTN.txt,pdftotext_layout,184523,53,0.9002,ok,no,
70,http://zotero.org/users/19517875/items/5RHTTW52,10.1007/s42484-025-00288-y,step3_high,/home/lpapp/IEEE_SYS_REV/PDFs/IEEE-QC-NoDuplicates-1-500/files/18019/Hussein et al. - 2025 - Skin cancer image classification using hybrid quantum deep learning model with BiLSTM and MobileNetV.pdf,rdf_index,5RHTTW52,/home/lpapp/IEEE_SYS_REV/4-FullTextExtraction/fulltext_cache/5RHTTW52.txt,pdftotext_layout,128509,29,0.9026,ok,no,
71,http://zotero.org/users/19517875/items/QNNRUX5T,10.3389/fphy.2022.1046314,step3_uncertain,/home/lpapp/IEEE_SYS_REV/PDFs/IEEE-QC-NoDuplicates-1-500/files/13972/Li et al. - 2022 - A classification method for multi-class skin damage images combining quantum computing and Inception.pdf,rdf_index,QNNRUX5T,/home/lpapp/IEEE_SYS_REV/4-FullTextExtraction/fulltext_cache/QNNRUX5T.txt,pdftotext_layout,47792,12,0.8718,ok,no,
72,http://zotero.org/users/19517875/items/X9K2PWP2,10.1109/tnsre.2024.3385336,step3_uncertain,/home/lpapp/IEEE_SYS_REV/PDFs/IEEE-QC-NoDuplicates-1-500/files/13868/Hossain et al. - 2024 - A Deep Quantum Convolutional Neural Network Based Facial Expression Recognition For Mental Health An.pdf,rdf_index,X9K2PWP2,/home/lpapp/IEEE_SYS_REV/4-FullTextExtraction/fulltext_cache/X9K2PWP2.txt,pdftotext_layout,137408,11,0.8844,ok,no,
73,http://zotero.org/users/19517875/items/NEHV4QMK,10.3934/math.2025499,step3_uncertain,/home/lpapp/IEEE_SYS_REV/PDFs/IEEE-QC-NoDuplicates-1-500/files/18790/Alwan et al. - 2025 - A multi-channel quantum image representation model with qubit sequences for quantum-inspired image a.pdf,rdf_index,NEHV4QMK,/home/lpapp/IEEE_SYS_REV/4-FullTextExtraction/fulltext_cache/NEHV4QMK.txt,pdftotext_layout,132582,43,0.8535,ok,no,
74,http://zotero.org/users/19517875/items/55JS6PAY,10.1109/access.2025.3627877,step3_uncertain,/home/lpapp/IEEE_SYS_REV/PDFs/IEEE-QC-NoDuplicates-1-500/files/17966/Aravinda et al. - 2025 - A Neural Architecture Search-Driven Quantum Patch Attention Framework for Skin Disease Recognition a.pdf,rdf_index,55JS6PAY,/home/lpapp/IEEE_SYS_REV/4-FullTextExtraction/fulltext_cache/55JS6PAY.txt,pdftotext_layout,109387,18,0.9122,ok,no,
75,http://zotero.org/users/19517875/items/C8I3D9TI,10.3389/fdgth.2023.1283726,step3_uncertain,/home/lpapp/IEEE_SYS_REV/PDFs/IEEE-QC-NoDuplicates-2001-2500/files/16654/Chrisochoides et al. - 2023 - Comparison of physics-based deformable registration methods for image-guided neurosurgery.pdf,rdf_index,C8I3D9TI,/home/lpapp/IEEE_SYS_REV/4-FullTextExtraction/fulltext_cache/C8I3D9TI.txt,pdftotext_layout,103740,17,0.887,ok,no,
76,http://zotero.org/users/19517875/items/XFJWPEZG,10.1109/access.2025.3531407,step3_uncertain,/home/lpapp/IEEE_SYS_REV/PDFs/IEEE-QC-NoDuplicates-1-500/files/13299/Kumari Pappala et al. - 2025 - Design of an Iterative Model for Incremental Enhancements in Quantum Image Processing Using Reinforc.pdf,rdf_index,XFJWPEZG,/home/lpapp/IEEE_SYS_REV/4-FullTextExtraction/fulltext_cache/XFJWPEZG.txt,pdftotext_layout,129853,22,0.925,ok,no,
77,http://zotero.org/users/19517875/items/4P4FMULP,10.1088/2632-2153/ad8c11,step3_uncertain,/home/lpapp/IEEE_SYS_REV/PDFs/IEEE-QC-NoDuplicates-1-500/files/13508/Singh Bhatia and Bernal Neira - 2024 - Federated learning with tensor networks a quantum AI framework for healthcare.pdf,rdf_index,4P4FMULP,/home/lpapp/IEEE_SYS_REV/4-FullTextExtraction/fulltext_cache/4P4FMULP.txt,pdftotext_layout,83486,20,0.9192,ok,no,
78,http://zotero.org/users/19517875/items/CB57BDA9,10.3390/biom12111576,step3_uncertain,/home/lpapp/IEEE_SYS_REV/PDFs/IEEE-QC-NoDuplicates-1-500/files/13840/Kim and Bekiranov - 2022 - Generalization Performance of Quantum Metric Learning Classifiers.pdf,rdf_index,CB57BDA9,/home/lpapp/IEEE_SYS_REV/4-FullTextExtraction/fulltext_cache/CB57BDA9.txt,pdftotext_layout,86160,19,0.8789,ok,no,
79,http://zotero.org/users/19517875/items/XPGYGA83,10.1016/j.patter.2025.101236,step3_uncertain,/home/lpapp/IEEE_SYS_REV/PDFs/IEEE-QC-NoDuplicates-2001-2500/files/19320/Flöther et al. - 2025 - How quantum computing can enhance biomarker discovery.pdf,rdf_index,XPGYGA83,/home/lpapp/IEEE_SYS_REV/4-FullTextExtraction/fulltext_cache/XPGYGA83.txt,pdftotext_layout,121564,16,0.866,ok,no,
80,http://zotero.org/users/19517875/items/6B2WQVP6,10.1038/s41598-025-24168-4,step3_uncertain,/home/lpapp/IEEE_SYS_REV/PDFs/IEEE-QC-NoDuplicates-1-500/files/18033/Alwan et al. - 2025 - Multilayered quantum computing and simulation system for enhanced image representation of HSI based.pdf,rdf_index,6B2WQVP6,/home/lpapp/IEEE_SYS_REV/4-FullTextExtraction/fulltext_cache/6B2WQVP6.txt,pdftotext_layout,197084,36,0.8264,ok,no,
81,http://zotero.org/users/19517875/items/Q4CAV8BK,10.3390/medsci12040067,step3_uncertain,/home/lpapp/IEEE_SYS_REV/4-FullTextExtraction/manual_pdfs/10.3390_medsci12040067.pdf,manual,Q4CAV8BK,/home/lpapp/IEEE_SYS_REV/4-FullTextExtraction/fulltext_cache/Q4CAV8BK.txt,pdftotext_layout,115881,17,0.9158,ok,no,
82,http://zotero.org/users/19517875/items/RE35LBGB,10.1007/s42484-022-00090-0,step3_uncertain,/home/lpapp/IEEE_SYS_REV/PDFs/IEEE-QC-NoDuplicates-1-500/files/13566/Magano et al. - 2023 - Quantum density peak clustering.pdf,rdf_index,RE35LBGB,/home/lpapp/IEEE_SYS_REV/4-FullTextExtraction/fulltext_cache/RE35LBGB.txt,pdftotext_layout,65822,12,0.8877,ok,no,
83,http://zotero.org/users/19517875/items/Q2MLMX2R,10.1007/s13369-021-06511-9,step3_uncertain,/home/lpapp/IEEE_SYS_REV/PDFs/IEEE-QC-NoDuplicates-1-500/files/13447/Chetia and Sahu - 2023 - Quantum Edge Extraction of Chest CT Image for the Detection and Differentiation of Infected Region o.pdf,rdf_index,Q2MLMX2R,/home/lpapp/IEEE_SYS_REV/4-FullTextExtraction/fulltext_cache/Q2MLMX2R.txt,pdftotext_layout,63437,13,0.8659,ok,no,
84,http://zotero.org/users/19517875/items/IQD9APYS,10.1049/qtc2.12078,step3_uncertain,/home/lpapp/IEEE_SYS_REV/PDFs/IEEE-QC-NoDuplicates-501-1000/files/14039/Sha - 2024 - Quantum intelligence in medicine Empowering thyroid disease prediction through advanced machine lea.pdf,rdf_index,IQD9APYS,/home/lpapp/IEEE_SYS_REV/4-FullTextExtraction/fulltext_cache/IQD9APYS.txt,pdftotext_layout,98017,18,0.9065,ok,no,
85,http://zotero.org/users/19517875/items/TUPXYBP8,10.1109/access.2025.3639179,step3_uncertain,/home/lpapp/IEEE_SYS_REV/PDFs/IEEE-QC-NoDuplicates-1-500/files/17905/T M et al. - 2025 - Quantum-Optimized Probabilistic U-Net With Quantum Entropy Calibration and Active Annotation for Rel.pdf,rdf_index,TUPXYBP8,/home/lpapp/IEEE_SYS_REV/4-FullTextExtraction/fulltext_cache/TUPXYBP8.txt,pdftotext_layout,89857,18,0.8784,ok,no,
86,http://zotero.org/users/19517875/items/64AQWENP,10.1038/s41598-025-93552-x,step3_uncertain,/home/lpapp/IEEE_SYS_REV/PDFs/IEEE-QC-NoDuplicates-1001-1500/files/14790/Lee and Jun - 2025 - Range dependent Hamiltonian algorithms for numerical QUBO formulation.pdf,rdf_index,64AQWENP,/home/lpapp/IEEE_SYS_REV/4-FullTextExtraction/fulltext_cache/64AQWENP.txt,pdftotext_layout,87996,17,0.8593,ok,no,
87,http://zotero.org/users/19517875/items/XWEMBREY,10.7759/cureus.67486,step3_uncertain,/home/lpapp/IEEE_SYS_REV/PDFs/IEEE-QC-NoDuplicates-2001-2500/files/16607/Jeyaraman et al. - 2024 - Revolutionizing Healthcare The Emerging Role of Quantum Computing in Enhancing Medical Technology a.pdf,rdf_index,XWEMBREY,/home/lpapp/IEEE_SYS_REV/4-FullTextExtraction/fulltext_cache/XWEMBREY.txt,pdftotext_layout,83966,12,0.924,ok,no,
88,http://zotero.org/users/19517875/items/JB7ENNJX,10.1088/2632-2153/acffa3,step3_uncertain,/home/lpapp/IEEE_SYS_REV/PDFs/IEEE-QC-NoDuplicates-1-500/files/13930/Qiu - 2023 - Universal adversarial perturbations for multiple classification tasks with quantum classifiers.pdf,rdf_index,JB7ENNJX,/home/lpapp/IEEE_SYS_REV/4-FullTextExtraction/fulltext_cache/JB7ENNJX.txt,pdftotext_layout,85255,22,0.9272,ok,no,
89,http://zotero.org/users/19517875/items/4A3ACMFU,10.1088/1748-0221/18/07/p07007,step3_5_promote,/home/lpapp/IEEE_SYS_REV/PDFs/IEEE-QC-NoDuplicates-1-500/files/18014/Kim et al. - 2023 - Background reduction in PET by double Compton scattering of quantum entangled annihilation photons.pdf,rdf_index,4A3ACMFU,/home/lpapp/IEEE_SYS_REV/4-FullTextExtraction/fulltext_cache/4A3ACMFU.txt,pdftotext_layout,90616,22,0.8862,ok,no,
90,http://zotero.org/users/19517875/items/8Z8TZ8D7,10.1038/s41598-025-32951-6,step3_5_promote,/home/lpapp/IEEE_SYS_REV/PDFs/IEEE-QC-NoDuplicates-2501-2979/files/18258/Bharathi et al. - 2025 - Machine learning-assisted event classification in cadmium zinc telluride positron emission tomograph.pdf,rdf_index,8Z8TZ8D7,/home/lpapp/IEEE_SYS_REV/4-FullTextExtraction/fulltext_cache/8Z8TZ8D7.txt,pdftotext_layout,80468,14,0.8876,ok,no,
91,http://zotero.org/users/19517875/items/SZIHV3W3,10.1038/s41467-021-22907-5,step3_5_promote,/home/lpapp/IEEE_SYS_REV/PDFs/IEEE-QC-NoDuplicates-2001-2500/files/16636/Watts et al. - 2021 - Photon quantum entanglement in the MeV regime and its application in PET imaging.pdf,rdf_index,SZIHV3W3,/home/lpapp/IEEE_SYS_REV/4-FullTextExtraction/fulltext_cache/SZIHV3W3.txt,pdftotext_layout,73431,10,0.8901,ok,no,
92,http://zotero.org/users/19517875/items/LS2JK9MW,10.1109/trpms.2024.3388872,step3_5_promote,/home/lpapp/IEEE_SYS_REV/PDFs/IEEE-QC-NoDuplicates-1-500/files/13412/Romanchek et al. - 2024 - Quantum Entanglement Filtering A PET Feasibility Study in Imaging Dual-Positron and Prompt Gamma Em.pdf,rdf_index,LS2JK9MW,/home/lpapp/IEEE_SYS_REV/4-FullTextExtraction/fulltext_cache/LS2JK9MW.txt,pdftotext_layout,84325,11,0.905,ok,no,
